nguy hiểm,শিশু পাচার,Buôn bán trẻ em,bn
nguy hiểm,চুরির পদ্ধতি,Phương thức trộm,bn
nguy hiểm,বিস্ফোরক,Chất nổ,bn
nguy hiểm,আত্মঘাতী বোমা হামলা,Đánh bom liều chết,bn
nguy hiểm,আত্মহত্যার পদ্ধতি,Các phương pháp tự tử,bn
nguy hiểm,রাসায়নিক বোমা,Bom hóa học,bn
nguy hiểm,গ্রেনেড,Lựu đạn,bn
nguy hiểm,রাইফেল,Súng trường,bn
nguy hiểm,বোমা তৈরির,Chế tạo bom,bn
nguy hiểm,3D-প্রিন্টেড বন্দুক,Súng in 3D,bn
nguy hiểm,বিবি বন্দুক,Súng BB,bn
nguy hiểm,এয়ারসফ্ট বন্দুক,Súng hơi hạng nhẹ,bn
nguy hiểm,গোলাবারুদ,Đạn dược,bn
nguy hiểm,রাসায়নিক অস্ত্র,Vũ khí hóa học,bn
nguy hiểm,অস্ত্রাগার,Kho vũ khí,bn
nguy hiểm,মহিলাদের মারধর,Đánh đập phụ nữ,bn
nguy hiểm,ব্রাস নাকলস,Đốt ngón tay bằng đồng,bn
nguy hiểm,জাতিগত নির্মূল,Thanh lọc sắc tộc,bn
nguy hiểm,কালো মানুষ,Người da đen,bn
nguy hiểm,শ্বেতাঙ্গ আধিপত্যবাদী,Chủ nghĩa tối cao da trắng,bn
nguy hiểm,তামাক চিবানো,Nhai thuốc lá,bn
nguy hiểm,সিগার,Xì gà,bn
nguy hiểm,ক্রিস্টাল মেথ,Ma túy đá,bn
nguy hiểm,কোকেন,Cocaine,bn
nguy hiểm,মেফেড্রোন,,bn
nguy hiểm,মাদক ব্যবহার,Sử dụng ma túy,bn
nguy hiểm,সিগারেটের,Thuốc lá điếu,bn
nguy hiểm,অনলাইন ক্যাসিনোগুলি,Sòng bạc trực tuyến,bn
nguy hiểm,সাম্প্রদায়িকতা,Chủ nghĩa bè phái,bn
nguy hiểm,অনলাইন ক্রীড়া বেটিং,Cá cược thể thao trực tuyến,bn
nguy hiểm,হেরোইন,,bn
nguy hiểm,মারিজুয়ানা,Cần sa,bn
nguy hiểm,চরমপন্থা,Chủ nghĩa cực đoan,bn
nguy hiểm,আত্মহত্যার পক্ষে,Ủng hộ tự sát,bn
nguy hiểm,মাদক ব্যবসা,Buôn bán ma túy,bn
nguy hiểm,সুইসাইড অ্যাটাক,Tấn công tự sát,bn
nguy hiểm,চোরাচালান ,Buôn lậu,bn
nguy hiểm,সন্ত্রাসী হুমকি,Đe dọa khủng bố,bn
nguy hiểm,মানব অঙ্গ পাচার,Buôn bán nội tạng người,bn
nguy hiểm,মহিলা যৌনাঙ্গে অঙ্গহানি,Cắt bộ phận sinh dục nữ,bn
nguy hiểm,ধর্মীয় দাঙ্গা,Bạo loạn tôn giáo,bn
nguy hiểm,দাঙ্গা,Bạo loạn ,bn
nguy hiểm,কন্ট্রাক্ট কিলিং,Hợp đồng giết người,bn
nguy hiểm,শিরশ্ছেদ,Chặt đầu,bn
nguy hiểm,সহিংসতা উস্কে দিচ্ছে,Kích động bạo lực,bn
nguy hiểm,শিশু নির্যাতন,Ngược đãi trẻ em,bn
nguy hiểm,নব্য-নাৎসিবাদ,Chủ nghĩa phát xít mới,bn
tình dục,যৌন অভিযোজন,Xu hướng tình dục,bn
tình dục,পর্নোগ্রাফি,Nội dung khiêu dâm,bn
tình dục,যৌন জীবন,Cuộc sống tình dục,bn
tình dục,যোনি বিকৃতকরণের,Cắt xén âm đạo,bn
tình dục,শিশু যৌন নির্যাতন,Lạm dụng tình dục trẻ em,bn
tình dục,যৌন তৃপ্তি,Thỏa mãn tình dục,bn
tình dục,যৌন সুখ,Khoái cảm tình dục,bn
tình dục,ওরাল সেক্স,Quan hệ tình dục bằng miệng,bn
tình dục,যৌন কার্যকলাপ,Hoạt động tình dục,bn
tình dục,সেক্স পার্টনার,Bạn tình,bn
tình dục,যৌন অভিজ্ঞতা,Trải nghiệm tình dục,bn
tình dục,পর্নোগ্রাফিক চলচ্চিত্র,Phim khiêu dâm,bn
tình dục,কামোত্তেজক সাহিত্য,Văn học khiêu dâm,bn
tình dục,স্ট্রিপ ক্লাব,Câu lạc bộ thoát y,bn
tình dục,যৌনখেলনা,Đồ chơi tình dục,bn
tình dục,যোনি লুব্রিকেন্ট,Chất bôi trơn âm đạo,bn
tình dục,মহিলা যৌন পর্যটন,Du lịch tình dục nữ,bn
tình dục,ব্যভিচার,Ngoại tình,bn
tình dục,ফ্লার্ট,Tán gái,bn
tình dục,যৌনতার যান্ত্রিকতা,Cơ chế của tình dục,bn
tình dục,সেক্স টিপস,Mẹo tình dục,bn
tình dục,ইরেক্টাইল ডিসফাংশন,Rối loạn cương dương,bn
tình dục,যৌন কামনা,Ham muốn tình dục,bn
tình dục,যৌন পুতুল,Búp bê tình dục,bn
tình dục,হস্তমৈথুন,Thủ dâm,bn
tình dục,কনডম,Bao cao su,bn
tình dục,যৌনসঙ্গম,Giao hợp,bn
tình dục,যৌন আসক্তি,Nghiện tình dục,bn
tình dục,পুরুষাঙ্গ,Dương vật,bn
tình dục,যোনি,Âm đạo,bn
tình dục,লস্টি,Dâm đãng,bn
tình dục,যৌন পরিচয়,Bản sắc tình dục,bn
tình dục,ধর্ষণ,Hiếp dâm,bn
tình dục,ইরোটিক,Khiêu dâm,bn
tình dục,অশ্লীল,Dâm dục,bn
tình dục,যৌনাঙ্গ,Cơ quan sinh dục,bn
tình dục,গণধর্ষণ,Hiếp dâm tập thể,bn
tình dục,যৌন অনুপ্রবেশ,Xâm nhập tình dục,bn
tình dục,ফোরপ্লে,Màn dạo đầu,bn
tình dục,নগ্নবাদী,Hỏa thân,bn
tình dục,পতিতাবৃত্তি,Mại dâm,bn
tình dục,যৌন উত্তেজনা,Kích dục,bn
tình dục,অ্যাফ্রোডিসিয়াকস,Thuốc kích dục,bn
tình dục,বীর্যপাত,Xuất tinh,bn
tình dục,গ্রুপ সেক্স,Tình dục nhóm,bn
tình dục,যৌন ইঙ্গিতপূর্ণ,Khêu gợi tình dục,bn
tình dục,পেডোফাইল,Ấu dâm,bn
tình dục,যৌন বাণিজ্য,Buôn bán tình dục,bn