nguy hiểm,Obchod S Drogami,Buôn bán ma túy,cs
nguy hiểm,Lidské Či Zvířecí Výkaly,Phân người hoặc động vật,cs
nguy hiểm,Místo Činu,Hiện trường vụ án,cs
nguy hiểm,Výbuchy,Vụ nổ,cs
nguy hiểm,Sebevražedný Atentátník,Đánh bom liều chết,cs
nguy hiểm,Hřebíkové Bomby,Bom đinh,cs
nguy hiểm,Chemické Bomby,Bom hóa học,cs
nguy hiểm,Granát,Lựu đạn,cs
nguy hiểm,Petardy,Pháo nổ,cs
nguy hiểm,Jak Vyrobit Bombu,Cách chế tạo bom,cs
nguy hiểm,3D Tištěné Zbraně,Súng in 3D,cs
nguy hiểm,Bb Zbraně,Súng BB,cs
nguy hiểm,Airsoftové Zbraně,Súng hơi hạng nhẹ,cs
nguy hiểm,Munice,Đạn dược,cs
nguy hiểm,Chemická Zbraň,Vũ khí hóa học,cs
nguy hiểm,Vrhací Hvězdy,Ném ngôi sao,cs
nguy hiểm,Tasery,Súng điện,cs
nguy hiểm,Mosazné Klouby,Đốt ngón tay bằng đồng,cs
nguy hiểm,Pepřový Sprej,Bình xịt hơi cay,cs
nguy hiểm,Vojenské Nože,Dao quân sự,cs
nguy hiểm,Bojové Nože,Dao chiến đấu,cs
nguy hiểm,Žvýkací Tabák,Nhai thuốc lá,cs
nguy hiểm,Dýmka,Tẩu thuốc lá,cs
nguy hiểm,Metamfetamin,Ma túy đá,cs
nguy hiểm,Náhražky Kokainu,Chất thay thế cocaine,cs
nguy hiểm,Mefedron,,cs
nguy hiểm,Používání Drog,Sử dụng ma túy,cs
nguy hiểm,Neonacismus,Chủ nghĩa phát xít mới,cs
nguy hiểm,"Online Kasino, Sázkových Kanceláří","Sòng bạc trực tuyến, nhà cái",cs
nguy hiểm,Sebevražedný Útok,Tấn công tự sát,cs
nguy hiểm,Online Sportovní Sázení,Cá cược thể thao trực tuyến,cs
nguy hiểm,Heroin,,cs
nguy hiểm,Marihuana,Cần sa,cs
nguy hiểm,Lámat Zvířatům,Nghiền nát động vật,cs
nguy hiểm,Forma Sebevraždy,Hình thức tự sát,cs
nguy hiểm,Pašování (Pašeráci),Buôn lậu,cs
nguy hiểm,Psí Zápasy,Chọi chó,cs
nguy hiểm,Pašují Slonovinu,Buôn lậu ngà voi,cs
nguy hiểm,Teroristické Hrozby,Đe dọa khủng bố,cs
nguy hiểm,Obchodování S Lidskými Orgány,Buôn bán nội tạng người,cs
nguy hiểm,Mrzačení Ženských Pohlavních Orgánů,Cắt bộ phận sinh dục nữ,cs
nguy hiểm,Náboženské Nepokoje,Bạo loạn tôn giáo,cs
nguy hiểm,Rasové Nepokoje,Bạo loạn chủng tộc,cs
nguy hiểm,Způsob Vraždy,Phương thức giết người,cs
nguy hiểm,Stětím,Chặt đầu,cs
nguy hiểm,Podněcování K Násilí,Kích động bạo lực,cs
nguy hiểm,Zneužívání Dětí,Lạm dụng trẻ em,cs
nguy hiểm,Obchodování S Dětmi,Buôn bán trẻ em,cs
nguy hiểm,Bílá Síla,Quyền lực trắng,cs
nguy hiểm,Sebevražedné Metody,Các phương pháp tự tử,cs
nguy hiểm,Zbrojnice,Kho vũ khí,cs
nguy hiểm,Tlučení,Đánh đập,cs
nguy hiểm,Etnické Čištění,Thanh lọc sắc tộc,cs
nguy hiểm,Černoši,Người da đen,cs
nguy hiểm,Nadřazenost Bílé Rasy,Quyền tối cao của người da trắng,cs
nguy hiểm,Sektářské Zabíjení,Giết người theo giáo phái,cs
nguy hiểm,Extremismus,Chủ nghĩa cực đoan,cs
tình dục,Sexuální Orientace,Xu hướng tình dục,cs
tình dục,Erotické Umění,Nghệ thuật khiêu dâm,cs
tình dục,Sexy Tělo,Cơ thể gợi dục,cs
tình dục,Sexuální Tekutiny,Chất lỏng tình dục,cs
tình dục,Orgasmus,Cực khoái,cs
tình dục,Sadismus,Bạo dâm,cs
tình dục,Erotická Literatura,Văn học khiêu dâm,cs
tình dục,Otroctví,Trói buộc,cs
tình dục,Sexuální Obtěžování,Quấy rối tình dục,cs
tình dục,Sexuální Násilí,Bạo lực tình dục,cs
tình dục,Sexuologické,Tình dục học,cs
tình dục,Erekci,Cương cứng,cs
tình dục,Sexuální Hračky,Đồ chơi tình dục,cs
tình dục,Sexuální Touha,Ham muốn tình dục,cs
tình dục,Genitálií,bộ phận sinh dục,cs
tình dục,Nevěra,Ngoại tình,cs
tình dục,Dvoření,Tán tỉnh,cs
tình dục,Seznamky,Hẹn hò tán tỉnh,cs
tình dục,Sexuální Triky,Mẹo tình dục,cs
tình dục,Erektilní Dysfunkce,Rối loạn cương dương,cs
tình dục,Orální Sex,Quan hệ tình dục bằng miệng,cs
tình dục,Milování,Làm tình,cs
tình dục,Masturbace,Thủ dâm,cs
tình dục,Kondomy,Bao cao su,cs
tình dục,Pohlavní Styk,Giao hợp,cs
tình dục,Pyj,Dương vật,cs
tình dục,Pochva,Âm đạo,cs
tình dục,Lascivní,Dâm đãng,cs
tình dục,Seznamka S Nezletilými,Hẹn hò dưới tuổi vị thành niên,cs
tình dục,Znásilnění,Hiếp dâm,cs
tình dục,Erotický,Khiêu dâm,cs
tình dục,Oplzlý,Dâm dục,cs
tình dục,Sexuální Chování Mužů,Hành vi tình dục của nam,cs
tình dục,Hromadné Znásilnění,Hiếp dâm tập thể,cs
tình dục,Sexuální Polohy,Tư thế quan hệ tình dục,cs
tình dục,Předehra,Màn dạo đầu,cs
tình dục,Nahý,Khỏa thân,cs
tình dục,Prostituce,Mại dâm,cs
tình dục,Sexuální Vzrušení,Kích dục,cs
tình dục,Afrodiziaka,Thuốc kích dục,cs
tình dục,Ejakulace,Xuất tinh,cs
tình dục,Kteří Mají Sex S Muži,Quan hệ tình dục đồng giới,cs
tình dục,Anální Stimulace,Kích thích âm đạo,cs
tình dục,Pedofilové,Ấu dâm,cs
tình dục,Krvesmilství,Loạn luân,cs
tình dục,Milenec,Bạn tình,cs
tình dục,Žhavý Sex,Tình dục nóng bỏng,cs