nguy hiểm,Ekstremisme,Chủ nghĩa cực đoan,da
nguy hiểm,Menneskeligt Eller Animalsk Affald,Chất thải của con người hoặc động vật,da
nguy hiểm,Gerningssted Eller Ulykke,Hiện trường vụ án hoặc tai nạn,da
nguy hiểm,Eksplosioner,Vụ nổ,da
nguy hiểm,Selvmordsbomber,Đánh bom liều chết,da
nguy hiểm,Sømbomber,Bom đinh,da
nguy hiểm,Kemiske Bomber,Bom hóa học,da
nguy hiểm,Granater,Lựu đạn,da
nguy hiểm,Selvmordsangreb,Tấn công tự sát,da
nguy hiểm,Opskrifter På Bomber,Công thức chế tạo bom,da
nguy hiểm,3D-Printede Våben,Súng in 3D,da
nguy hiểm,Bb Guns,Súng BB,da
nguy hiểm,Airsoft Våben,Súng hơi hạng nhẹ,da
nguy hiểm,Ammunition,Đạn dược,da
nguy hiểm,Kemisk Våben,Vũ khí hóa học,da
nguy hiểm,Kastestjerner,Ném ngôi sao,da
nguy hiểm,Narkotikahandel,Buôn bán ma túy,da
nguy hiểm,Knojern,Đốt ngón tay bằng đồng,da
nguy hiểm,Peberspray,Bình xịt hơi cay,da
nguy hiểm,Militære Knive,Dao quân sự,da
nguy hiểm,Kampknive,Dao chiến đấu,da
nguy hiểm,Tyggetobak,Nhai thuốc lá,da
nguy hiểm,Tobakspiber,Tẩu thuốc lá,da
nguy hiểm,Methamfetamin,Ma túy đá,da
nguy hiểm,Kokainerstatninger,Chất thay thế cocaine,da
nguy hiểm,Mefedron,,da
nguy hiểm,Brug Af Narkotika,Sử dụng ma túy,da
nguy hiểm,Den Hvide Magt,Quyền lực trắng,da
nguy hiểm,Onlinekasinoer Eller Bookmakere,"Sòng bạc, nhà cái trực tuyến",da
nguy hiểm,Onlinekøb Af Lodsedler Eller Skrabespil,"Mua vé số, thẻ cào trực tuyến",da
nguy hiểm,Online Sportsvæddemål,Cá cược thể thao trực tuyến,da
nguy hiểm,Heroin,,da
nguy hiểm,Marihuana,Cần sa,da
nguy hiểm,Dyremishandling,Ngược đãi động vật,da
nguy hiểm,Selvmordsmetoden,Phương thức tự tử,da
nguy hiểm,Opfordrer Til Angreb,Kêu gọi tấn công,da
nguy hiểm,Hundekamp,Chọi chó,da
nguy hiểm,Handel Med Næsehornshorn,Bán sừng tê giác,da
nguy hiểm,Terrortrusler,Đe dọa khủng bố,da
nguy hiểm,Handel Med Organer,Buôn bán nội tạng người,da
nguy hiểm,Kvindelig Kønslemlæstelse,Cắt bộ phận sinh dục nữ,da
nguy hiểm,Religiøst Oprør,Bạo loạn tôn giáo,da
nguy hiểm,Raceoptøjer,Bạo loạn chủng tộc,da
nguy hiểm,Kontraktmord,Hợp đồng giết người,da
nguy hiểm,Halshugning,Chặt đầu,da
nguy hiểm,Tilskyndelse Til Vold,Kích động bạo lực,da
nguy hiểm,Udnyttelse Af Børn,Bóc lột trẻ em,da
nguy hiểm,Smugleri,Buôn lậu,da
nguy hiểm,Snydemetode,Phương pháp gian lận,da
nguy hiểm,Selvmordsmetoder,Các phương pháp tự tử,da
nguy hiểm,Våbenkammer,Kho vũ khí,da
nguy hiểm,Børnehandel,Buôn bán trẻ em,da
nguy hiểm,Etnisk Udrensning,Thanh lọc sắc tộc,da
nguy hiểm,Sorte Mennesker,Người da đen,da
nguy hiểm,Hvide Supremacister,Những người theo chủ nghĩa tối cao da trắng,da
nguy hiểm,Sekteriske Drab,Giết người theo giáo phái,da
tình dục,Seksuel Orientering,Xu hướng tình dục,da
tình dục,Seksuel Lyst,Ham muốn tình dục,da
tình dục,Sexet Krop,Cơ thể gợi dục,da
tình dục,Seksuel Væske,Chất lỏng tình dục,da
tình dục,Voyeurisme,Chủ nghĩa say mê,da
tình dục,Sadistisk,Bạo dâm,da
tình dục,Dominans Og Underkastelse,Thống trị và phục tùng,da
tình dục,Trældom,Trói buộc,da
tình dục,Rollespil,Nhập vai,da
tình dục,Pornografiske Filmfestivaler,Liên hoan phim khiêu dâm,da
tình dục,Erotisk Kunst,Nghệ thuật khiêu dâm,da
tình dục,Erotisk Litteratur,Văn học khiêu dâm,da
tình dục,Sexlegetøj,Đồ chơi tình dục,da
tình dục,Sexsmøremiddel,Chất bôi tình dục,da
tình dục,Seksuelle Overgreb,Tấn công tình dục,da
tình dục,Seksuel Krænkelse,Quấy rối tình dục,da
tình dục,Flirtende,Hẹn hò tán tỉnh,da
tình dục,Sex Tricks,Mẹo tình dục,da
tình dục,Erektil Dysfunktion,Rối loạn cương dương,da
tình dục,Lyststimulerende Piller,Thuốc bổ sung tăng cường ham muốn tình dục,da
tình dục,Elske,Làm tình,da
tình dục,Onani,Thủ dâm,da
tình dục,Kondom,Bao cao su,da
tình dục,Samleje,Giao hợp,da
tình dục,Bestialitet,Thú tính,da
tình dục,Anal Sex,Quan hệ tình dục qua đường hậu môn,da
tình dục,Skede,Âm đạo,da
tình dục,Orgasme,Cực khoái,da
tình dục,Sexindustrien,Ngành công nghiệp tình dục,da
tình dục,Pornografisk,Hiếp dâm,da
tình dục,Varm Sex,Tình dục nóng bỏng,da
tình dục,Udsvævelser,Đồi trụy,da
tình dục,Genitalia,Cơ quan sinh dục,da
tình dục,Bandevoldtægt,Hiếp dâm tập thể,da
tình dục,Sexstillinger,Tư thế quan hệ tình dục,da
tình dục,Forspil,Màn dạo đầu,da
tình dục,Dating Mindreårige,Hẹn hò dưới tuổi vị thành niên,da
tình dục,Prostitution,Mại dâm,da
tình dục,Seksuel Ophidselse,Kích dục,da
tình dục,Afrodisiaka,Thuốc kích dục,da
tình dục,Ejakuleret,Xuất tinh,da
tình dục,Sexgruppe,Nhóm tình dục,da
tình dục,Stimulerer Klitoris,Kích thích âm vật,da
tình dục,Pædofil,Ấu dâm,da
tình dục,Blodskam,Loạn luân,da
tình dục,Sexpartnere,Bạn tình,da