nguy hiểm,Menschliche oder tierische Exkremente,Chất thải của con người hoặc động vật,de
nguy hiểm,Tatort Oder Unfall,Hiện trường vụ án hoặc tai nạn,de
nguy hiểm,Explosionen,Vụ nổ,de
nguy hiểm,Selbstmordattentäter,Đánh bom liều chết,de
nguy hiểm,Nagelbomben,Bom đinh,de
nguy hiểm,Chemische Bomben,Bom hóa học,de
nguy hiểm,Granaten,Lựu đạn,de
nguy hiểm,Knallkörper,Pháo nổ,de
nguy hiểm,Anleitungen zur Bombenherstellung,Hướng dẫn chế tạo bom,de
nguy hiểm,3D-Druck hergestellte Waffen,Súng in 3D,de
nguy hiểm,Bb-Waffen,Súng BB,de
nguy hiểm,Softair-Waffen,Súng hơi hạng nhẹ,de
nguy hiểm,Munition,Đạn dược,de
nguy hiểm,Chemische Waffe,Vũ khí hóa học,de
nguy hiểm,Sterne Werfen,Ném ngôi sao,de
nguy hiểm,Taser,Súng điện,de
nguy hiểm,Schlagring,Đốt ngón tay bằng đồng,de
nguy hiểm,Pfefferspray,Bình xịt hơi cay,de
nguy hiểm,Militärmesser,Dao quân sự,de
nguy hiểm,Kampfmesser,Dao chiến đấu,de
nguy hiểm,Kautabak,Nhai thuốc lá,de
nguy hiểm,Tabakpfeifen,Tẩu thuốc lá,de
nguy hiểm,Crystal-Meth,Ma túy đá,de
nguy hiểm,Kokain-Ersatz,Chất thay thế cocaine,de
nguy hiểm,Mephedron,,de
nguy hiểm,Verwendung Von Betäubungsmitteln,Sử dụng ma túy,de
nguy hiểm,"Günstige Darstellung Von Exzessivem, Rausch- Oder Wettkampftrinken",Mô tả thuận lợi về uống rượu,de
nguy hiểm,Online Casinos Oder Buchmacher,"Sòng bạc, nhà cái trực tuyến",de
nguy hiểm,Online-Lottoschein- Oder Rubbelkartenkauf,"Mua vé số, thẻ cào trực tuyến",de
nguy hiểm,Online-Sportwetten,Cá cược thể thao trực tuyến,de
nguy hiểm,Heroin,,de
nguy hiểm,Marihuana,Cần sa,de
nguy hiểm,Tierzerkleinerung,Nghiền nát động vật,de
nguy hiểm,Selbstmord Befürworten,Ủng hộ tự sát,de
nguy hiểm,Aufruf Zum Angriff Einer Anderen Person,Kêu gọi tấn công người khác,de
nguy hiểm,Hundekampf,Chọi chó,de
nguy hiểm,Verkauf Von Nashorn,Bán sừng tê giác,de
nguy hiểm,Terroristische Bedrohungen,Đe dọa khủng bố,de
nguy hiểm,Handel Mit Menschlichen Organen,Buôn bán nội tạng người,de
nguy hiểm,Weibliche Genitalverstümmelung,Cắt bộ phận sinh dục nữ,de
nguy hiểm,Religiöser Aufstand,Bạo loạn tôn giáo,de
nguy hiểm,Rassenunruhen,Bạo loạn chủng tộc,de
nguy hiểm,Auftragsmord,Hợp đồng giết người,de
nguy hiểm,Enthauptet,Chặt đầu,de
nguy hiểm,Anstiftung Zu Gewalt,Kích động bạo lực,de
nguy hiểm,Kinderausbeutung,Bóc lột trẻ em,de
nguy hiểm,Diebstahl Anleitung,Hướng dẫn trộm cắp,de
nguy hiểm,Leitfaden Betrug,Hướng dẫn gian lận,de
nguy hiểm,Suizidmethoden,Các phương pháp tự tử,de
nguy hiểm,Waffenkammer,Kho vũ khí,de
nguy hiểm,Misshandlung,Đánh đập phụ nữ,de
nguy hiểm,Ethnische Säuberung,Thanh lọc sắc tộc,de
nguy hiểm,Schwarze menschen,Người da đen,de
nguy hiểm,Weiße Rassisten,Những người theo chủ nghĩa tối cao da trắng,de
nguy hiểm,Sektiererische Morde,Giết người theo giáo phái,de
nguy hiểm,Extremismus,Chủ nghĩa cực đoan,de
nguy hiểm,Drogenhandel,Buôn bán ma túy,de
nguy hiểm,Brute-Force,Vũ phu cưỡng bức,de
nguy hiểm,Selbstmordanschlag,Tấn công tự sát,de
nguy hiểm,Schmuggel (Schmuggler),Buôn lậu,de
nguy hiểm,Kinderhandel,Buôn bán trẻ em,de
nguy hiểm,Dreckige Bombe,Bom bẩn,de
nguy hiểm,Amoklauf,"Hung hăng, Xả súng hàng loạt",de
nguy hiểm,Pro-Nazi,Ủng hộ Đức Quốc Xã,de
tình dục,Sexuelle Orientierung,Xu hướng tình dục,de
tình dục,Gesäß,Mông,de
tình dục,Hüfte,Hông,de
tình dục,Erotische Kunst,Nghệ thuật khiêu dâm,de
tình dục,Sexuelle Aktivität,Hoạt động tình dục,de
tình dục,Sexuelle Flüssigkeiten,Chất lỏng tình dục,de
tình dục,Tirkistely,Chủ nghĩa say mê,de
tình dục,Sadistisch,Bạo dâm,de
tình dục,Erotischen Herrschaft,Thống trị khiêu dâm,de
tình dục,Fesselung,Trói buộc,de
tình dục,Rollenspiel,Nhập vai,de
tình dục,Pornografische Filmfestivals,Liên hoan phim khiêu dâm,de
tình dục,Webcam-Dienste Für Erwachsene,Dịch vụ webcam cho người lớn,de
tình dục,Striptease-Clubs,Câu lạc bộ thoát y,de
tình dục,Sexspielzeug,Đồ chơi tình dục,de
tình dục,Persönliche Gleitmittel,Chất bôi trơn cá nhân,de
tình dục,Luststeigerung,Tăng khoái cảm,de
tình dục,Erotische Literatur,Văn học khiêu dâm,de
tình dục,Sex-Tipps,Mẹo tình dục,de
tình dục,Pillen Gegen Erektile Dysfunktion,Thuốc rối loạn cương dương,de
tình dục,Nahrungsergänzungsmittel Zur Steigerung Der Libido,Thuốc bổ sung tăng cường ham muốn tình dục,de
tình dục,Liebe Machen,Làm tình,de
tình dục,Masturbation,Thủ dâm,de
tình dục,Kondom,Bao cao su,de
tình dục,Geschlechtsverkehr,Giao hợp,de
tình dục,Koitus,,de
tình dục,Penis,Dương vật,de
tình dục,Vagina,Âm đạo,de
tình dục,Lustvoll,Dâm đãng,de
tình dục,Schlag,,de
tình dục,Vergewaltigen,Hiếp dâm,de
tình dục,Erotisch,Khiêu dâm,de
tình dục,Lewd,Dâm dục,de
tình dục,Genitalien,Cơ quan sinh dục,de
tình dục,Gruppenvergewaltigung,Hiếp dâm tập thể,de
tình dục,Sexstellungen,Tư thế quan hệ tình dục,de
tình dục,Vorspiel,Màn dạo đầu,de
tình dục,Nudist,Hỏa thân,de
tình dục,Prostitution,Mại dâm,de
tình dục,Sexuelle Erregung,Kích dục,de
tình dục,Aphrodisiaka,Thuốc kích dục,de
tình dục,Ejakuliert,Xuất tinh,de
tình dục,Bisexuelle Sexgruppe,Nhóm tình dục lưỡng tính,de
tình dục,Cunnilingus,Kích thích âm hộ hoặc âm vật bằng miệng,de
tình dục,Pädophile,Ấu dâm,de
tình dục,Inzestuös,Loạn luân,de
tình dục,Sexpartner,Bạn tình,de
tình dục,Heißer Sex,Tình dục nóng bỏng,de
tình dục,Dating Für Minderjährige,Hẹn hò dưới tuổi vị thành niên,de