nguy hiểm,Επίθεση Αυτοκτονίας,Tấn công tự sát,el
nguy hiểm,Ανθρώπινα Ή Ζωικά Απόβλητα,Chất thải của con người hoặc động vật,el
nguy hiểm,Η Σκηνή Του Εγκλήματος,Hiện trường vụ án ,el
nguy hiểm,Εκρήξεις,Vụ nổ,el
nguy hiểm,Βομβιστής Αυτοκτονίας,Đánh bom liều chết,el
nguy hiểm,Ατομική Βόμβα,Bom nguyên tử,el
nguy hiểm,Χημικές Βόμβες,Bom hóa học,el
nguy hiểm,Χειροβομβίδες,Lựu đạn,el
nguy hiểm,Κροτίδες,Pháo nổ,el
nguy hiểm,Οδηγοί Κατασκευής Βομβών,Hướng dẫn chế tạo bom,el
nguy hiểm,Τρισδιάστατα Τυπωμένα Όπλα,Súng in 3D,el
nguy hiểm,Πιστόλι Bb,Súng BB,el
nguy hiểm,Ελαφρύ Όπλο,Vũ khí hạng nhẹ,el
nguy hiểm,Πυρομαχικά,Đạn dược,el
nguy hiểm,Χημικό Όπλο,Vũ khí hóa học,el
nguy hiểm,Βόμβες Διασποράς,Bom chùm,el
nguy hiểm,Ηλεκτρικό Όπλο,Súng điện,el
nguy hiểm,Σιδερογροθιές,Đốt ngón tay bằng đồng,el
nguy hiểm,Σπρέι Πιπεριού,Bình xịt hơi cay,el
nguy hiểm,Στρατιωτικά Μαχαίρια,Dao quân sự,el
nguy hiểm,Μαχαίρια Μάχης,Dao chiến đấu,el
nguy hiểm,Ταμπάκο,Nhai thuốc lá,el
nguy hiểm,Καπνοσωλήνες,Tẩu thuốc lá,el
nguy hiểm,Μεθαμφεταμίνη,Ma túy đá,el
nguy hiểm,Κοκαΐνη,Cocaine,el
nguy hiểm,Μεφεδρόνη,,el
nguy hiểm,Χρήση Ναρκωτικών,Sử dụng ma túy,el
nguy hiểm,Λαθρεμπόριο,Buôn lậu,el
nguy hiểm,Διαδικτυακά Καζίνο,Sòng bạc trực tuyến,el
nguy hiểm,Εμπορία Παιδιών,Buôn bán trẻ em,el
nguy hiểm,Αθλητικά Στοιχήματα ,Cá cược thể thao ,el
nguy hiểm,Ηρωίνη,,el
nguy hiểm,Μαριχουάνα,Cần sa,el
nguy hiểm,Εξολοθρεύω,Tiêu diệt,el
nguy hiểm,Αυτοκτονία,Tự tử,el
nguy hiểm,Επίθεση,Tấn công ,el
nguy hiểm,Κυνομαχία,Chọi chó,el
nguy hiểm,Λαθρεμπόριο Κέρατου Ρινόκερου,Buôn lậu sừng tê giác,el
nguy hiểm,Τρομοκρατικές Απειλές,Đe dọa khủng bố,el
nguy hiểm,Εμπορία Ανθρώπινων Οργάνων,Buôn bán nội tạng người,el
nguy hiểm,Ακρωτηριασμό Των Γεννητικών,Cắt bộ phận sinh dục,el
nguy hiểm,Θρησκευτικές Ταραχές,Bạo loạn tôn giáo,el
nguy hiểm,Φυλετικές Ταραχές,Bạo loạn chủng tộc,el
nguy hiểm,Συμβολαιακή Δολοφονία,Hợp đồng giết người,el
nguy hiểm,Αποκεφαλισμένος,Chặt đầu,el
nguy hiểm,Υποκίνηση Βίας,Kích động bạo lực,el
nguy hiểm,Παιδική Εκμετάλλευση,Bóc lột trẻ em,el
nguy hiểm,Μέθοδος Κλοπής,Hướng dẫn trộm cắp,el
nguy hiểm,Μέθοδος Εξαπάτησης,Hướng dẫn gian lận,el
nguy hiểm,Μέθοδοι Αυτοκτονίας,Các phương pháp tự tử,el
nguy hiểm,Οπλοστάσιο,Kho vũ khí,el
nguy hiểm,Χτυπάω Γυναίκες,Đánh đập phụ nữ,el
nguy hiểm,Εθνοκάθαρση,Thanh lọc sắc tộc,el
nguy hiểm,Μαύροι Άνθρωποι,Người da đen,el
nguy hiểm,Λευκοί Υπερασπιστές,Những người theo chủ nghĩa tối cao da trắng,el
nguy hiểm,Σεκταριστική Βία,Bạo lực giáo phái,el
nguy hiểm,Εξτρεμισμός,Chủ nghĩa cực đoan,el
nguy hiểm,Εμπόριο Ναρκωτικών,Buôn bán ma túy,el
nguy hiểm,Η Ωμή Βία,Vũ phu cưỡng bức,el
tình dục,Σεξουαλικό Προσανατολισμό,Xu hướng tình dục,el
tình dục,Καβάλοι,Vòng eo,el
tình dục,ερωτική τέχνη,Nghệ thuật khiêu dâm,el
tình dục,Σεξουαλική Ζωή,Đời sống tình dục,el
tình dục,Σεξουαλικά Υγρά,Chất lỏng tình dục,el
tình dục,Μπανιστήρι,Chủ nghĩa say mê,el
tình dục,Σαδομαζοχισμός,Bạo dâm,el
tình dục,Κυριαρχία Και Υποταγή,Thống trị và phục tùng,el
tình dục,Σεξουαλική Σχέση,Quan hệ tình dục,el
tình dục,Φεστιβάλ Πορνογραφικού Κινηματογράφου,Liên hoan phim khiêu dâm,el
tình dục,Ανδρικη Σεξουαλικη Τονωση,Kích dục nam,el
tình dục,Στριπ Κλαμπ,Câu lạc bộ thoát y,el
tình dục,Παιχνίδια Σεξ,Đồ chơi tình dục,el
tình dục,Προσωπικά Λιπαντικά,Chất bôi trơn cá nhân,el
tình dục,Κλειτοριδοπλαστική,Phẫn thuật âm vật,el
tình dục,Μοιχός,Ngoại tình,el
tình dục,Πόρνη,Gái điếm,el
tình dục,Φλερτάρει,Hẹn hò tán tỉnh,el
tình dục,Συμβουλές Για Σεξ,Mẹo tình dục,el
tình dục,Στυτική Δυσλειτουργία,Rối loạn cương dương,el
tình dục,Γυναικεια Σεξουαλικη Τονωση,Kích thích tình dục nữ,el
tình dục,Λατρεύω Να Φτιάχνω,Làm tình,el
tình dục,Αυνανισμός,Thủ dâm,el
tình dục,Προφυλακτικό,Bao cao su,el
tình dục,Συνουσία,Giao hợp,el
tình dục,Ραντεβού Ανηλίκων,Hẹn hò dưới tuổi vị thành niên,el
tình dục,Πέος,Dương vật,el
tình dục,Αιδοίο,Âm đạo,el
tình dục,Άσωτος,Dâm đãng,el
tình dục,Γδούπος,,el
tình dục,Βιασμός,Hiếp dâm,el
tình dục,Ερωτικός,Khiêu dâm,el
tình dục,Ασελγής,Dâm dục,el
tình dục,Γεννητικά Όργανα,Cơ quan sinh dục,el
tình dục,Ομαδικός Βιασμός,Hiếp dâm tập thể,el
tình dục,Θέσεις Σεξ,Tư thế quan hệ tình dục,el
tình dục,Προπαιχνίδι,Màn dạo đầu,el
tình dục,Γυμνιστής,Hỏa thân,el
tình dục,Πορνεία,Mại dâm,el
tình dục,Σεξουαλική Διέγερση,Kích dục,el
tình dục,Αφροδισιακά,Thuốc kích dục,el
tình dục,Εκσπερμάτισε,Xuất tinh,el
tình dục,Αμφιφυλόφιλο Σεξ,Nhóm tình dục lưỡng tính,el
tình dục,Κολπική Διέγερση,Kích thích âm hộ,el
tình dục,Παιδόφιλος,Ấu dâm,el
tình dục,Αιμομιξία,Loạn luân,el
tình dục,Σεξουαλικοί Σύντροφοι,Bạn tình,el
tình dục,Καυτό Σεξ,Tình dục nóng bỏng,el