nguy hiểm,Desecho Humano,Chất thải của con người,es
nguy hiểm,Escena Del Crimen,Hiện trường vụ án,es
nguy hiểm,Explosiones,Vụ nổ,es
nguy hiểm,Atentados Suicidas,Đánh bom liều chết,es
nguy hiểm,Bombas De Clavos,Bom đinh,es
nguy hiểm,Bombas Químicas,Bom hóa học,es
nguy hiểm,Neonazismo,Chủ nghĩa phát xít mới,es
nguy hiểm,Petardos,Pháo nổ,es
nguy hiểm,Fabricar Una Bomba Atómica,Chế tạo bom nguyên tử,es
nguy hiểm,Imprimir Armas En 3D,Súng in 3D,es
nguy hiểm,Pistolas De Aire Comprimido,Súng BB,es
nguy hiểm,Fusil,Súng trường,es
nguy hiểm,Munición,Đạn dược,es
nguy hiểm,Arma Química,Vũ khí hóa học,es
nguy hiểm,Cuchillos Arrojadizos,Ném dao,es
nguy hiểm,Pistolas Eléctricas,Súng điện,es
nguy hiểm,Nudillos De Latón,Đốt ngón tay bằng đồng,es
nguy hiểm,Spray De Pimienta,Bình xịt hơi cay,es
nguy hiểm,Cuchillos Militares,Dao quân sự,es
nguy hiểm,Cuchillos De Combate,Dao chiến đấu,es
nguy hiểm,Mascando Tabaco,Nhai thuốc lá,es
nguy hiểm,Ataque Suicida,Tấn công tự sát,es
nguy hiểm,Metanfetamina,Ma túy đá,es
nguy hiểm,Cocaína,Cocaine,es
nguy hiểm,Mefedrona,,es
nguy hiểm,Abuso De Drogas,Lạm dụng ma túy,es
nguy hiểm,Contrabando (Contrabandistas),Buôn lậu,es
nguy hiểm,Casinos O Corredores De Apuestas Online,Sòng bạc trực tuyến hoặc nhà cái,es
nguy hiểm,Compra En Internet De Décimos De Lotería O De Tarjetas Para Rascar,"Mua vé số, thẻ cào trực tuyến",es
nguy hiểm,Apuestas Deportivas ,Cá cược thể thao ,es
nguy hiểm,Heroína,,es
nguy hiểm,Marihuana,Cần sa,es
nguy hiểm,Aplastamiento De Animales,Nghiền nát động vật,es
nguy hiểm,Métodos Suicidas,Phương pháp tự sát,es
nguy hiểm,La Trata De Niños,Buôn bán trẻ em,es
nguy hiểm,Pelea De Perros,Chọi chó,es
nguy hiểm,Venta De Cuerno De Rinoceronte,Bán sừng tê giác,es
nguy hiểm,Amenazas Terroristas,Đe dọa khủng bố,es
nguy hiểm,Tráfico De Órganos Humanos,Buôn bán nội tạng người,es
nguy hiểm,Mutilación Genital Femenina,Cắt bộ phận sinh dục nữ,es
nguy hiểm,Motín Religioso,Bạo loạn tôn giáo,es
nguy hiểm,Disturbios Raciales,Bạo loạn chủng tộc,es
nguy hiểm,Asesinato Por Contrato,Hợp đồng giết người,es
nguy hiểm,Decapitado,Chặt đầu,es
nguy hiểm,Incitar A La Violencia,Kích động bạo lực,es
nguy hiểm,Explotación Infantil,Bóc lột trẻ em,es
nguy hiểm,Poder Blanco,Quyền lực trắng,es
nguy hiểm,Guía De Fraude,Hướng dẫn gian lận,es
nguy hiểm,Métodos De Suicidio,Các phương pháp tự tử,es
nguy hiểm,Armería,Kho vũ khí,es
nguy hiểm,Orgullo Blanco,Lòng kiêu hãnh của chủng tộc da trắng,es
nguy hiểm,Limpieza Étnica,Thanh lọc sắc tộc,es
nguy hiểm,Persona Negra,Người da đen,es
nguy hiểm,Supremacistas Blancos,Những người theo chủ nghĩa tối cao da trắng,es
nguy hiểm,Asesinatos Sectarios,Giết người theo giáo phái,es
nguy hiểm,Extremismo,Chủ nghĩa cực đoan,es
nguy hiểm,Tráfico De Drogas,Buôn bán ma túy,es
tình dục,Orientación Sexual,Xu hướng tình dục,es
tình dục,Política Sexual,Chính trị tình dục,es
tình dục,Arte Erótico,Nghệ thuật khiêu dâm,es
tình dục,Sexualidad Femenina,Tình dục nữ,es
tình dục,Violencia Sexual,Bạo lực tình dục,es
tình dục,Actividad Sexual,Hoạt động tình dục,es
tình dục,Sádico,Bạo dâm,es
tình dục,Dominación Y Sumisión,Thống trị và phục tùng,es
tình dục,Agresión Sexual,Tấn công tình dục,es
tình dục,Acoso Sexual,Quấy rối tình dục,es
tình dục,Cine Pornografico,Phim khiêu dâm,es
tình dục,Agresión Sexual A Ancianos,Tấn công tình dục người già,es
tình dục,Clubes De Striptease,Câu lạc bộ thoát y,es
tình dục,Juguetes Sexuales,Đồ chơi tình dục,es
tình dục,Los Lubricantes Sexuales,Chất bôi trơn tình dục,es
tình dục,Genitales Femeninos,Bộ phận sinh dục nữ,es
tình dục,Adulterio,Ngoại tình,es
tình dục,Placer Sexual,Khoái cảm tình dục,es
tình dục,Citas Sexuales,Hẹn hò tình dục,es
tình dục,Consejos Sexuales,Mẹo tình dục,es
tình dục,Disfunción Eréctil,Rối loạn cương dương,es
tình dục,Deseo Sexual,Ham muốn tình dục,es
tình dục,Haciendo El Amor,Làm tình,es
tình dục,Masturbación,Thủ dâm,es
tình dục,Condón,Bao cao su,es
tình dục,Coito,Giao hợp,es
tình dục,Abuso Sexual,Lạm dục tình dục,es
tình dục,Pene,Dương vật,es
tình dục,Vulva,Âm đạo,es
tình dục,Lascivo,Dâm đãng,es
tình dục,Penetración Vaginal,Thâm nhập âm đạo,es
tình dục,Violación,Hiếp dâm,es
tình dục,Erótico,Khiêu dâm,es
tình dục,Pornografía Infantil,Khiêu dâm trẻ em,es
tình dục,Genitales,Cơ quan sinh dục,es
tình dục,Violación En Grupo,Hiếp dâm tập thể,es
tình dục,Posiciones Sexuales,Tư thế quan hệ tình dục,es
tình dục,Juegos Previos,Màn dạo đầu,es
tình dục,Desnuda,Hỏa thân,es
tình dục,Prostitución,Mại dâm,es
tình dục,Excitación Sexual,Kích dục,es
tình dục,Afrodisíacos,Thuốc kích dục,es
tình dục,Eyaculado,Xuất tinh,es
tình dục,Grupo De Sexo Bisexual,Nhóm tình dục lưỡng tính,es
tình dục,Estimulación De La Vulva,Kích thích âm hộ,es
tình dục,Pedófilo,Ấu dâm,es
tình dục,Incesto,Loạn luân,es
tình dục,Parejas Sexuales,Bạn tình,es
tình dục,Sexo Caliente,Tình dục nóng bỏng,es