nguy hiểm,زباله های انسانی,Chất thải của con người ,fa
nguy hiểm,صحنه جنایت,Hiện trường vụ án ,fa
nguy hiểm,انفجارها,Vụ nổ,fa
nguy hiểm,بمب گذار انتحاری,Đánh bom liều chết,fa
nguy hiểm,علیه مذهب,chống tôn giáo,fa
nguy hiểm,بمب های شیمیایی,Bom hóa học,fa
nguy hiểm,نارنجک,Lựu đạn,fa
nguy hiểm,ترقه,Pháo nổ,fa
nguy hiểm,راهنمای ساخت بمب,Hướng dẫn chế tạo bom,fa
nguy hiểm,اسلحه های چاپ سه بعدی,Súng in 3D,fa
nguy hiểm,تفنگ BB,Súng BB,fa
nguy hiểm,ایر سافت تفنگ,Súng hơi hạng nhẹ,fa
nguy hiểm,مهمات,Đạn dược,fa
nguy hiểm,سلاح شیمیایی,Vũ khí hóa học,fa
nguy hiểm,نئو نازیسم,Chủ nghĩa phát xít mới,fa
nguy hiểm,تفنگ برقی,Súng điện,fa
nguy hiểm,شیوع کووید-19,bùng phát của Covid-19,fa
nguy hiểm,اسپری فلفل,Bình xịt hơi cay,fa
nguy hiểm,چاقوهای نظامی,Dao quân sự,fa
nguy hiểm,چاقوهای مبارزه,Dao chiến đấu,fa
nguy hiểm,تنباکوی جویدنی,Nhai thuốc lá,fa
nguy hiểm,لوله های توتون,Tẩu thuốc lá,fa
nguy hiểm,مت‌آمفتامین,Ma túy đá,fa
nguy hiểm,کوکائین,Cocaine,fa
nguy hiểm,مفدرون,,fa
nguy hiểm,مصرف مواد مخدر,Sử dụng ma túy,fa
nguy hiểm,برنامه هسته ای,chương trình hạt nhân,fa
nguy hiểm,کازینوهای آنلاین ,Sòng bạc trực tuyến,fa
nguy hiểm,حمله انتحاری,Tấn công tự sát,fa
nguy hiểm,شرط بندی ورزشی آنلاین,Cá cược thể thao trực tuyến,fa
nguy hiểm,هروئین,,fa
nguy hiểm,ماری جوانا,Cần sa,fa
nguy hiểm,قاچاق (قاچاقچیان),Buôn lậu,fa
nguy hiểm,مناسبات با آمریکا,Quan hệ với mỹ,fa
nguy hiểm,قاچاق کودکان,Buôn bán trẻ em,fa
nguy hiểm,دعوای سگ ها,Chọi chó,fa
nguy hiểm,فروش شاخ کرگدن,Bán sừng tê giác,fa
nguy hiểm,تهدیدات تروریستی,Đe dọa khủng bố,fa
nguy hiểm,قاچاق اعضای بدن انسان,Buôn bán nội tạng người,fa
nguy hiểm,بریدن آلت زنانه,Cắt bộ phận sinh dục nữ,fa
nguy hiểm,شورش مذهبی,Bạo loạn tôn giáo,fa
nguy hiểm,شورش های نژادی,Bạo loạn chủng tộc,fa
nguy hiểm,قتل قراردادی,Hợp đồng giết người,fa
nguy hiểm,سر بریده,Chặt đầu,fa
nguy hiểm,تحریک به خشونت,Kích động bạo lực,fa
nguy hiểm,بهره کشی از کودکان,Bóc lột trẻ em,fa
nguy hiểm,روش سرقت,Hướng dẫn trộm cắp,fa
nguy hiểm,راهنمای تقلب,Hướng dẫn gian lận,fa
nguy hiểm,روش های خودکشی,Các phương pháp tự tử,fa
nguy hiểm,اسلحه خانه,Kho vũ khí,fa
nguy hiểm,کتک زدن زنان,Đánh đập phụ nữ,fa
nguy hiểm,پاکسازی قومی,Thanh lọc sắc tộc,fa
nguy hiểm,مردم سیاه پوست,Người da đen,fa
nguy hiểm,برتری طلبان سفید پوست,Những người theo chủ nghĩa tối cao da trắng,fa
nguy hiểm,قدرت سفید,Quyền lực trắng,fa
nguy hiểm,افراط گرایی,Chủ nghĩa cực đoan,fa
nguy hiểm,قاچاق موادمخدر,Buôn bán ma túy,fa
tình dục,جهت گیری جنسی,Xu hướng tình dục,fa
tình dục,باسن,Mông,fa
tình dục,سیاست های جنسی,Vòng eo,fa
tình dục,هنر اروتیک ,Nghệ thuật khiêu dâm,fa
tình dục,ماساژ جنسی را,Massage kích dục,fa
tình dục,رضایت جنسی,Thỏa mãn tình dục,fa
tình dục,اعتیاد جنسی,Nghiện tình dục,fa
tình dục,سادومازوخیسم,Bạo dâm,fa
tình dục,ﻓﻌﺎﻟﻴﺖ ﺟﻨﺴﻲ,Hoạt động tình dục,fa
tình dục,غریزه جنسی,Bản năng tình dục,fa
tình dục,بازی‌های جنسی,Trò chơi tình dục,fa
tình dục,فیلم های پورنوگرافی,Phim khiêu dâm,fa
tình dục,خشونت جنسی,Bạo lực tình dục,fa
tình dục,باشگاه های استریپ,Câu lạc bộ thoát y,fa
tình dục,اسباب بازی های جنسی,Đồ chơi tình dục,fa
tình dục,روان کننده جنسی,Chất bôi trơn cá nhân,fa
tình dục,اندام تناسلی,Bộ phận sinh dục,fa
tình dục,زنا,Ngoại tình,fa
tình dục,معاشقه,Tán tỉnh,fa
tình dục,فتار‌ جنسی ,Hành vi tình dục,fa
tình dục,نکات جنسی,Mẹo tình dục,fa
tình dục,ﺍﺧـﺘﻼﻝ ﻧﻌـﻮﻅ,Rối loạn cương dương,fa
tình dục,تقویت جنسی,Tăng cường ham muốn tình dục,fa
tình dục,آمیزش جنسی دهانی ,Quan hệ bằng miệng,fa
tình dục,خودارضایی,Thủ dâm,fa
tình dục,کاندوم,Bao cao su,fa
tình dục,مقاربت,Giao hợp,fa
tình dục,رابطه جنسی,,fa
tình dục,آلت تناسلی,Dương vật,fa
tình dục,واژن,Âm đạo,fa
tình dục,شهوت انگیز,Dâm đãng,fa
tình dục,تن فروشی کودکان,Mại dâm trẻ em,fa
tình dục,تجاوز جنسی,Hiếp dâm,fa
tình dục,وابسته به عشق شهوانی,Khiêu dâm,fa
tình dục,فحشا,Dâm dục,fa
tình dục,دخول واژینال,Thâm nhập âm đạo,fa
tình dục,تجاوز گروهی,Hiếp dâm tập thể,fa
tình dục,پوزیشن های جنسی,Tư thế quan hệ tình dục,fa
tình dục,پیش بازی جنسی,Màn dạo đầu,fa
tình dục,برهنگی,Hỏa thân,fa
tình dục,تن فروشی,Mại dâm,fa
tình dục,برانگیختگی جنسی,Kích dục,fa
tình dục,آفرودیزیک ها,Thuốc kích dục,fa
tình dục,اﻧـﺰال,Xuất tinh,fa
tình dục,گروه جنسی دوجنسه,Nhóm tình dục,fa
tình dục,کونیلینگوس,Kích thích âm hộ hoặc âm vật bằng miệng,fa
tình dục,پدوفیل,Ấu dâm,fa
tình dục,محارم,Loạn luân,fa
tình dục,شرکای جنسی,Bạn tình,fa
tình dục,سکس داغ,Tình dục nóng bỏng,fa