nguy hiểm,Déchets Humains Ou Animaux,Chất thải của con người hoặc động vật,fr
nguy hiểm,Scène De Crime Ou Accident,Hiện trường vụ án hoặc tai nạn,fr
nguy hiểm,Explosion,Vụ nổ,fr
nguy hiểm,Attentat-Suicide,Đánh bom liều chết,fr
nguy hiểm,Bombes À Ongles,Bom đinh,fr
nguy hiểm,Bombes Chimiques,Bom hóa học,fr
nguy hiểm,Grenades,Lựu đạn,fr
nguy hiểm,Pétards,Pháo nổ,fr
nguy hiểm,Guides De Fabrication De Bombes,Hướng dẫn chế tạo bom,fr
nguy hiểm,Pistolets Imprimés En 3D,Súng in 3D,fr
nguy hiểm,Pistolets Sib,Súng BB,fr
nguy hiểm,Pistolets Airsoft,Súng hơi hạng nhẹ,fr
nguy hiểm,Munition,Đạn dược,fr
nguy hiểm,Arme Chimique,Vũ khí hóa học,fr
nguy hiểm,Jeter Des Étoiles,Ném ngôi sao,fr
nguy hiểm,Taser,Súng điện,fr
nguy hiểm,Poing Américain,Đốt ngón tay bằng đồng,fr
nguy hiểm,Spray Au Poivre,Bình xịt hơi cay,fr
nguy hiểm,Couteaux Militaires,Dao quân sự,fr
nguy hiểm,Couteaux De Combat,Dao chiến đấu,fr
nguy hiểm,Mâcher Du Tabac,Nhai thuốc lá,fr
nguy hiểm,Pipes À Tabac,Tẩu thuốc lá,fr
nguy hiểm,Méthamphétamine,Ma túy đá,fr
nguy hiểm,Substituts De Cocaïne,Chất thay thế cocaine,fr
nguy hiểm,Méphédrone,,fr
nguy hiểm,Usage De Stupéfiants,Sử dụng ma túy,fr
nguy hiểm,"Représentation Favorable De La Consommation Excessive, Excessive Ou De Compétition",Mô tả thuận lợi về uống rượu,fr
nguy hiểm,Casinos En Ligne Ou Bookmakers,"Sòng bạc, nhà cái trực tuyến",fr
nguy hiểm,Achat De Billets De Loterie En Ligne Ou De Cartes À Gratter,"Mua vé số, thẻ cào trực tuyến",fr
nguy hiểm,Paris Sportifs En Ligne,Cá cược thể thao trực tuyến,fr
nguy hiểm,Héroïne,,fr
nguy hiểm,Marijuana,Cần sa,fr
nguy hiểm,Broyage D'Animaux,Nghiền nát động vật,fr
nguy hiểm,Prôner Le Suicide,Ủng hộ tự sát,fr
nguy hiểm,Appel À L'Attaque D'Une Autre Personne,Kêu gọi tấn công người khác,fr
nguy hiểm,Combat De Chien,Chọi chó,fr
nguy hiểm,Vente De Corne De Rhinocéros,Bán sừng tê giác,fr
nguy hiểm,Menaces Terroristes,Đe dọa khủng bố,fr
nguy hiểm,Trafic D'Organes Humains,Buôn bán nội tạng người,fr
nguy hiểm,Mutilations Génitales Féminines,Cắt bộ phận sinh dục nữ,fr
nguy hiểm,Émeute Religieuse,Bạo loạn tôn giáo,fr
nguy hiểm,Des Émeutes Ethniques,Bạo loạn chủng tộc,fr
nguy hiểm,Contrat De Mise À Mort,Hợp đồng giết người,fr
nguy hiểm,Décapité,Chặt đầu,fr
nguy hiểm,Incitation À La Violence,Kích động bạo lực,fr
nguy hiểm,Exploitation Des Enfants,Bóc lột trẻ em,fr
nguy hiểm,Consignes De Vol,Hướng dẫn trộm cắp,fr
nguy hiểm,Guide De La Fraude,Hướng dẫn gian lận,fr
nguy hiểm,Méthodes De Suicide,Các phương pháp tự tử,fr
nguy hiểm,Arsenal,Kho vũ khí,fr
nguy hiểm,Battre,Đánh đập phụ nữ,fr
nguy hiểm,Nettoyage Ethnique,Thanh lọc sắc tộc,fr
nguy hiểm,Les Noirs,Người da đen,fr
nguy hiểm,Suprématistes Blancs,Những người theo chủ nghĩa tối cao da trắng,fr
nguy hiểm,Meurtres Sectaires,Giết người theo giáo phái,fr
nguy hiểm,Extrémisme,Chủ nghĩa cực đoan,fr
nguy hiểm,Trafic De Drogue,Buôn bán ma túy,fr
nguy hiểm,Forçage Brutal,Vũ phu cưỡng bức,fr
nguy hiểm,Attaque Suicide,Tấn công tự sát,fr
nguy hiểm,Contrebande (Passeurs),Buôn lậu,fr
nguy hiểm,La Traite Des Enfants,Buôn bán trẻ em,fr
nguy hiểm,Djihadisme,Chủ nghĩa thánh chiến,fr
nguy hiểm,Le Grand Remplacement,Thay thế tuyệt vời,fr
tình dục,Orientation Sexuelle,Xu hướng tình dục,fr
tình dục,Fesses,Mông,fr
tình dục,Entrejambes,Vòng eo,fr
tình dục,Art Érotique,Nghệ thuật khiêu dâm,fr
tình dục,Corps Sexuel,Cơ thể gợi dục,fr
tình dục,Fluides Sexuels,Chất lỏng tình dục,fr
tình dục,Voyeurisme,Chủ nghĩa say mê,fr
tình dục,Sadomasochisme,Bạo dâm,fr
tình dục,Domination Et Soumission,Thống trị và phục tùng,fr
tình dục,Esclavage,Trói buộc,fr
tình dục,Jouer Un Rôle,Nhập vai,fr
tình dục,Festivals De Films Pornographiques,Liên hoan phim khiêu dâm,fr
tình dục,Services De Webcam Pour Adultes,Dịch vụ webcam cho người lớn,fr
tình dục,Clubs De Strip-Tease,Câu lạc bộ thoát y,fr
tình dục,Jouets Sexuels,Đồ chơi tình dục,fr
tình dục,Lubrifiants Personnels,Chất bôi trơn cá nhân,fr
tình dục,Outils D'Amélioration Génitale,Công cụ nâng cao bộ phận sinh dục,fr
tình dục,Rencontres Ou Rencontres Amoureuses,Hẹn hò tán tỉnh,fr
tình dục,Conseils Sexuels,Mẹo tình dục,fr
tình dục,Dysérection,Rối loạn cương dương,fr
tình dục,Désir Sexuel,Ham muốn tình dục,fr
tình dục,Faire L'Amour,Làm tình,fr
tình dục,Masturber,Thủ dâm,fr
tình dục,Préservatif,Bao cao su,fr
tình dục,Rapport Sexuel,Giao hợp,fr
tình dục,Coït,,fr
tình dục,Pénis,Dương vật,fr
tình dục,Vagin,Âm đạo,fr
tình dục,Vigoureux,Dâm đãng,fr
tình dục,Bruit Sourd,,fr
tình dục,Râpé,Hiếp dâm,fr
tình dục,Érotique,Khiêu dâm,fr
tình dục,Obscène,Dâm dục,fr
tình dục,Organes Génitaux,Cơ quan sinh dục,fr
tình dục,Viol Collectif,Hiếp dâm tập thể,fr
tình dục,Positions Sexuelles,Tư thế quan hệ tình dục,fr
tình dục,Préliminaire,Màn dạo đầu,fr
tình dục,Nudiste,Hỏa thân,fr
tình dục,La Prostitution,Mại dâm,fr
tình dục,L'Excitation Sexuelle,Kích dục,fr
tình dục,Aphrodisiaques,Thuốc kích dục,fr
tình dục,Éjaculé,Xuất tinh,fr
tình dục,Groupe De Sexe Bisexuel,Nhóm tình dục lưỡng tính,fr
tình dục,Cunnilingus,Kích thích âm hộ hoặc âm vật bằng miệng,fr
tình dục,Pédophile,Ấu dâm,fr
tình dục,Inceste,Loạn luân,fr
tình dục,Partenaires Sexuels,Bạn tình,fr
tình dục,Sexe Chaud,Tình dục nóng bỏng,fr
tình dục,Rencontres Mineures,Hẹn hò dưới tuổi vị thành niên,fr