nguy hiểm,मानव या पशु अपशिष्ट,Chất thải của con người hoặc động vật,hi
nguy hiểm,अपराध स्थल या दुर्घटना,Hiện trường vụ án hoặc tai nạn,hi
nguy hiểm,आत्मघाती हमलावर,Đánh bom liều chết,hi
nguy hiểm,कील बम,Bom đinh,hi
nguy hiểm,रासायनिक बम,Bom hóa học,hi
nguy hiểm,हथगोले,Lựu đạn,hi
nguy hiểm,पटाखों,Pháo nổ,hi
nguy hiểm,बम बनाने का नुस्खा,Công thức chế tạo bom,hi
nguy hiểm,3डी-मुद्रित बंदूकें,Súng in 3D,hi
nguy hiểm,बी बी बंदूकें,Súng BB,hi
nguy hiểm,एयरसॉफ्ट बंदूकें,Súng hơi hạng nhẹ,hi
nguy hiểm,गोलाबारूद,Đạn dược,hi
nguy hiểm,रासायनिक हथियार,Vũ khí hóa học,hi
nguy hiểm,पीतल पोर,Đốt ngón tay bằng đồng,hi
nguy hiểm,काली मिर्च फुहार,Bình xịt hơi cay,hi
nguy hiểm,सैन्य चाकू,Dao quân sự,hi
nguy hiểm,चबाने वाला तम्बाकू,Nhai thuốc lá,hi
nguy hiểm,तम्बाकू,Thuốc lá,hi
nguy hiểm,क्रिस्टल मेथ,Ma túy đá,hi
nguy hiểm,कोकीन के विकल्प,Chất thay thế cocaine,hi
nguy hiểm,मेफ़ीड्रोन,,hi
nguy hiểm,नशीले पदार्थों के उपयोग पर,Sử dụng ma túy,hi
nguy hiểm,ऑनलाइन केसिनो,Sòng bạc trực tuyến,hi
nguy hiểm,खेल सट्टेबाजी,Cá cược thể thao ,hi
nguy hiểm,हेरोइन,,hi
nguy hiểm,मारिजुआना,Cần sa,hi
nguy hiểm,आतंकवादी धमकी,Đe dọa khủng bố,hi
nguy hiểm,मानव अंगों की तस्करी,Buôn bán nội tạng người,hi
nguy hiểm,मादा जननांग विकृति,Cắt bộ phận sinh dục nữ,hi
nguy hiểm,धार्मिक दंगा,Bạo loạn tôn giáo,hi
nguy hiểm,नस्लीय दंगे,Bạo loạn chủng tộc,hi
nguy hiểm,अनुबंध हत्या,Hợp đồng giết người,hi
nguy hiểm,हिंसा भड़काना,Kích động bạo lực,hi
nguy hiểm,आत्महत्या के तरीके,Các phương pháp tự tử,hi
nguy hiểm,जातिय संहार,Thanh lọc sắc tộc,hi
nguy hiểm,काले लोग,Người da đen,hi
nguy hiểm,श्वेत वर्चस्ववादी,Những người theo chủ nghĩa tối cao da trắng,hi
nguy hiểm,उग्रवाद,Chủ nghĩa cực đoan,hi
nguy hiểm,ड्रग डीलिंग,Buôn bán ma túy,hi
nguy hiểm,आत्मघाती हमला,Tấn công tự sát,hi
nguy hiểm,तस्करी ,Buôn lậu,hi
nguy hiểm,बच्चों का अवैध व्यापार,Buôn bán trẻ em,hi
nguy hiểm,नव-फ़ासिज़्म,Chủ nghĩa phát xít mới,hi
tình dục,यौन अभिविन्यास,Xu hướng tình dục,hi
tình dục,नितंबों,Nội dung khiêu dâm,hi
tình dục,क्रॉचेस,Tâm lý tình dục,hi
tình dục,सेक्स लाइफ,Đời sống tình dục,hi
tình dục,यौन तस्करी,Buôn bán tình dục,hi
tình dục,यौन अनुभवों,Kinh nghiệm tình dục,hi
tình dục,बाल यौन पर्यटन,Du lịch tình dục trẻ em,hi
tình dục,सदोमासोचिज़्म,Bạo dâm,hi
tình dục,यौन क्रिया,Hoạt động tình dục,hi
tình dục,यौन सुख,Khoái cảm tình dục,hi
tình dục,गुदा हस्तमैथुन,Thủ dâm qua hậu môn,hi
tình dục,अश्लील फिल्म,Phim khiêu dâm,hi
tình dục,मुख मैथुन,Quan hệ tình dục bằng miệng,hi
tình dục,स्ट्रिप क्लब,Câu lạc bộ thoát y,hi
tình dục,सेक्स टॉयज,Đồ chơi tình dục,hi
tình dục,यौन स्नेहक,Chất bôi trơn tình dục,hi
tình dục,कामुक इलेक्ट्रोस्टिम्यूलेशन,Kích điện khiêu dâm,hi
tình dục,व्यभिचार,Ngoại tình,hi
tình dục,फ़्लर्ट कैसे करें,Tán gái,hi
tình dục,सेक्स बाजार,Thị trường tình dục,hi
tình dục,डेटिंग टिप्स,Mẹo tình dục,hi
tình dục,स्तंभन दोष,Rối loạn cương dương,hi
tình dục,कामेच्छा बढ़ाने,Tăng cường ham muốn tình dục,hi
tình dục,कामुक साहित्य,Văn học khiêu dâm,hi
tình dục,हस्तमैथुन,Thủ dâm,hi
tình dục,कंडोम,Bao cao su,hi
tình dục,संभोग,Giao hợp,hi
tình dục,सेक्स डॉल्स,Búp bê tình dục,hi
tình dục,मानव लिंग,Dương vật,hi
tình dục,योनि,Âm đạo,hi
tình dục,लंपट,Dâm đãng,hi
tình dục,सेक्स उद्योग,Công nghiệp tình dục,hi
tình dục,बलात्कार,Hiếp dâm,hi
tình dục,कामुक,Khiêu dâm,hi
tình dục,यौन शोषण,Bóc lột tình dục,hi
tình dục,जननांग,Cơ quan sinh dục,hi
tình dục,सामूहिक बलात्कार,Hiếp dâm tập thể,hi
tình dục,सेक्स पोजीशन,Tư thế quan hệ tình dục,hi
tình dục,संभोग पूर्व क्रीड़ा,Màn dạo đầu,hi
tình dục,नग्न,Khỏa thân,hi
tình dục,वेश्यावृत्ति,Mại dâm,hi
tình dục,यौन उत्तेजना,Kích dục,hi
tình dục,कामोत्तेजक,Thuốc kích dục,hi
tình dục,स्खलित,Xuất tinh,hi
tình dục,सामूहिक सेक्स,Tình dục nhóm,hi
tình dục,योनि उत्तेजना,Kích thích âm hộ,hi
tình dục,पीडोफाइल,Ấu dâm,hi
tình dục,कौटुम्बिक व्यभिचार,Loạn luân,hi
tình dục,सेक्स पार्टनर,Bạn tình,hi
tình dục,गर्म सेक्स,Tình dục nóng bỏng,hi