nguy hiểm,Gyermekkereskedelem,Buôn bán trẻ em,hu
nguy hiểm,Öngyilkos Támadás,Tấn công tự sát,hu
nguy hiểm,Bűnügyi Helyszín,Hiện trường vụ án ,hu
nguy hiểm,Robbantás,Vụ nổ,hu
nguy hiểm,Öngyilkos Merénylő,Đánh bom liều chết,hu
nguy hiểm,Szögbombák,Bom đinh,hu
nguy hiểm,Vegyi Bombák,Bom hóa học,hu
nguy hiểm,Gránátok,Lựu đạn,hu
nguy hiểm,Petárdákat,Pháo nổ,hu
nguy hiểm,Bombakészítési Útmutatók,Hướng dẫn chế tạo bom,hu
nguy hiểm,3D-Nyomtatott Fegyverek,Súng in 3D,hu
nguy hiểm,Bb Guns,Súng BB,hu
nguy hiểm,Airsoft Fegyverek,Súng hơi hạng nhẹ,hu
nguy hiểm,Lőszer,Đạn dược,hu
nguy hiểm,Vegyi Fegyver,Vũ khí hóa học,hu
nguy hiểm,Dobócsillagok,Ném ngôi sao,hu
nguy hiểm,Puskák,Súng trường,hu
nguy hiểm,Bokszer,Đốt ngón tay bằng đồng,hu
nguy hiểm,Paprika Spray,Bình xịt hơi cay,hu
nguy hiểm,Katonai Kések,Dao quân sự,hu
nguy hiểm,Harci Kések,Dao chiến đấu,hu
nguy hiểm,Dohányrágás,Nhai thuốc lá,hu
nguy hiểm,Dohánypipák,Tẩu thuốc lá,hu
nguy hiểm,Kristálymet,Ma túy đá,hu
nguy hiểm,Kokainhelyettesítők,Chất thay thế cocaine,hu
nguy hiểm,Mefedron,,hu
nguy hiểm,Kábítószer-Használat,Sử dụng ma túy,hu
nguy hiểm,Elektromos Cigaretta,Thuốc lá điện tử,hu
nguy hiểm,Az Online Kaszinók,Sòng bạc trực tuyến,hu
nguy hiểm,Lottószelvények Vagy Kaparós Sorsjegyek Online Árusítása,"Mua vé số, thẻ cào trực tuyến",hu
nguy hiểm,Online Sportfogadás,Cá cược thể thao trực tuyến,hu
nguy hiểm,Heroin,Bạch phiến,hu
nguy hiểm,Marihuána,Cần sa,hu
nguy hiểm,Állatkereskedelem,Buôn bán động vật,hu
nguy hiểm,Támogatja Az Öngyilkosokat,Ủng hộ tự sát,hu
nguy hiểm,Támadni Másokat,Kêu gọi tấn công người khác,hu
nguy hiểm,Kutyaharc,Chọi chó,hu
nguy hiểm,Csempészet (Csempészek),Buôn lậu,hu
nguy hiểm,Terrorista Fenyegetések,Đe dọa khủng bố,hu
nguy hiểm,Emberi Szervkereskedelem,Buôn bán nội tạng người,hu
nguy hiểm,Női Nemi Szerv Megcsonkítása,Cắt bộ phận sinh dục nữ,hu
nguy hiểm,Vallási Lázadás,Chiến tranh tôn giáo,hu
nguy hiểm,Faji Zavargások,Bạo loạn chủng tộc,hu
nguy hiểm,Gyilkosság,Giết người,hu
nguy hiểm,Lefejezték,Chặt đầu,hu
nguy hiểm,Erőszakra Uszítás,Kích động bạo lực,hu
nguy hiểm,Gyermekkizsákmányolás,Bóc lột trẻ em,hu
nguy hiểm,Lopásra Való Felbujtás,Xúi giục trộm cắp,hu
nguy hiểm,Csalási Útmutató,Hướng dẫn gian lận,hu
nguy hiểm,Öngyilkossági Módszerek,Các phương pháp tự tử,hu
nguy hiểm,Fegyvertár,Kho vũ khí,hu
nguy hiểm,Verni A Nőket,Đánh đập phụ nữ,hu
nguy hiểm,Etnikai Tisztogatás,Thanh lọc sắc tộc,hu
nguy hiểm,A Feketék,Người da đen,hu
nguy hiểm,A Fehér Felsőbbrendűségtudatú,Những người theo chủ nghĩa tối cao da trắng,hu
nguy hiểm,Szektáns Gyilkosságok,Giết người theo giáo phái,hu
nguy hiểm,A Szélsőségesség,Chủ nghĩa cực đoan,hu
nguy hiểm,Kábítószer-Kereskedelem,Buôn bán ma túy,hu
tình dục,Szexuális Irányultság,Xu hướng tình dục,hu
tình dục,Fenék,Mông,hu
tình dục,Derék,Vòng eo,hu
tình dục,Erotikus Művészet,Nghệ thuật khiêu dâm,hu
tình dục,Szexuális Szürkezóna,Vùng xám gợi dục,hu
tình dục,Szexuális Folyadék,Chất lỏng tình dục,hu
tình dục,Kukkolás,Chủ nghĩa say mê,hu
tình dục,Szadomazochizmus,Bạo dâm,hu
tình dục,Dominancia És Behódolás,Thống trị và phục tùng,hu
tình dục,Szerepjáték,Nhập vai,hu
tình dục,Pornográf Filmfesztiválok,Liên hoan phim khiêu dâm,hu
tình dục,Felnőtteknek Szánt Webkamerás Szolgáltatások,Dịch vụ webcam cho người lớn,hu
tình dục,Sztriptízklubok,Câu lạc bộ thoát y,hu
tình dục,Szexuális Játékszerek,Đồ chơi tình dục,hu
tình dục,Személyes Síkosítók,Chất bôi trơn cá nhân,hu
tình dục,Teljesítményfokozó Eszközök,Công cụ nâng cao bộ phận sinh dục,hu
tình dục,Házasságtörés,Ngoại tình,hu
tình dục,Randevúzást,Hẹn hò tán tỉnh,hu
tình dục,Szexuális Tippek,Mẹo tình dục,hu
tình dục,Merevedési Zavar,Rối loạn cương dương,hu
tình dục,Libidó Fokozó Gélt,Thuốc bổ sung tăng cường ham muốn tình dục,hu
tình dục,Szerelmeskedés,Làm tình,hu
tình dục,Maszturbáció,Thủ dâm,hu
tình dục,Óvszer,Bao cao su,hu
tình dục,Erőszakos Közösülés ,Cưỡng bức giao hợp,hu
tình dục,Coitus,,hu
tình dục,Hímvessző,Dương vật,hu
tình dục,Hüvely,Âm đạo,hu
tình dục,Kurvák Kiskorú,Gái mại dâm vị thành niên,hu
tình dục,Puffanás,,hu
tình dục,Erőszak,Hiếp dâm,hu
tình dục,Erotikus,Khiêu dâm,hu
tình dục,Erkölcstelen,Dâm dục,hu
tình dục,Nemi Szervek,Cơ quan sinh dục,hu
tình dục,Csoportos Nemi Erőszak,Hiếp dâm tập thể,hu
tình dục,Szexuális Pozíciók,Tư thế quan hệ tình dục,hu
tình dục,Előjáték,Màn dạo đầu,hu
tình dục,Nudista,Hỏa thân,hu
tình dục,Prostitúció,Mại dâm,hu
tình dục,Szexuális Izgalom,Kích dục,hu
tình dục,Afrodiziákumok,Thuốc kích dục,hu
tình dục,Magömlés,Xuất tinh,hu
tình dục,Biszexuális Csoport Szex,Nhóm tình dục lưỡng tính,hu
tình dục,Végbélnyílás Szexuális Stimuláció,Kích thích âm hộ hoặc âm vật bằng miệng,hu
tình dục,Pedofil,Ấu dâm,hu
tình dục,Vérfertőzés,Loạn luân,hu
tình dục,Szexpartnerek,Bạn tình,hu
tình dục,Forró Szex,Tình dục nóng bỏng,hu