nguy hiểm,Serangan Bunuh Diri,Tấn công tự sát,id
nguy hiểm,Penyelundupan ,Buôn lậu,id
nguy hiểm,Perdagangan Anak,Buôn bán trẻ em,id
nguy hiểm,Bom Bunuh Diri,Đánh bom liều chết,id
nguy hiểm,Pistol Dari Pipa Listrik,Súng lục từ ống điện,id
nguy hiểm,Bom Kimia,Bom hóa học,id
nguy hiểm,Granat Tangan,Lựu đạn cầm tay,id
nguy hiểm,Petasan,Pháo nổ,id
nguy hiểm,Panduan Membuat Bom,Hướng dẫn chế tạo bom,id
nguy hiểm,Senjata Cetak 3D,Súng in 3D,id
nguy hiểm,Senapan,Súng trường,id
nguy hiểm,Senapan Angin,Súng hơi ,id
nguy hiểm,Amunisi,Đạn dược,id
nguy hiểm,Senjata Kimia,Vũ khí hóa học,id
nguy hiểm,Senapan Mesin,Súng máy,id
nguy hiểm,Perdagangan Narkoba,Buôn bán ma túy,id
nguy hiểm,Serangan Teror,Tấn công khủng bố,id
nguy hiểm,Semprotan Merica,Bình xịt hơi cay,id
nguy hiểm,Pisau Militer,Dao quân sự,id
nguy hiểm,Ekstremisme,Chủ nghĩa cực đoan,id
nguy hiểm,Tembakau Kunyah,Nhai thuốc lá,id
nguy hiểm,Pipa Tembakau,Tẩu thuốc lá,id
nguy hiểm,Sabu Sabu,Ma túy đá,id
nguy hiểm,Pengganti Kokain,Chất thay thế cocaine,id
nguy hiểm,Mefedron,,id
nguy hiểm,Penggunaan Narkotika,Sử dụng ma túy,id
nguy hiểm,Taruhan,Cá Cược,id
nguy hiểm,Kasino Online,Sòng bạc trực tuyến,id
nguy hiểm,Judi Togel Online,Cờ bạc  trực tuyến,id
nguy hiểm,Taruhan Olahraga Online,Cá cược thể thao trực tuyến,id
nguy hiểm,Heroin,,id
nguy hiểm,Ganja,Cần sa,id
nguy hiểm,Orang Kulit Hitam,Người da đen,id
nguy hiểm,Supremasi Kulit Putih,Những người theo chủ nghĩa tối cao da trắng,id
nguy hiểm,Metode Serangan,Phương thức tấn công,id
nguy hiểm,Pertarungan Anjing,Chọi chó,id
nguy hiểm,Jual Beli Cula Badak,Mua bán sừng tê giác,id
nguy hiểm,Ancaman Teroris,Đe dọa khủng bố,id
nguy hiểm,Perdagangan Organ Tubuh Manusia,Buôn bán nội tạng người,id
nguy hiểm,Pemotongan Alat Kelamin Perempuan ,Cắt bộ phận sinh dục nữ,id
nguy hiểm,Pembersihan Etnis,Thanh lọc sắc tộc,id
nguy hiểm,Kerusuhan Rasial ,Bạo loạn chủng tộc,id
nguy hiểm,Pembunuhan Kontrak,Hợp đồng giết người,id
nguy hiểm,Dipenggal,Chặt đầu,id
nguy hiểm,Menghasut Kekerasan,Kích động bạo lực,id
nguy hiểm,Eksploitasi Anak,Bóc lột trẻ em,id
nguy hiểm,Cara Mencuri,Cách trộm cắp,id
nguy hiểm,Cara Curang,Cách gian lận,id
nguy hiểm,Metode Bunuh Diri,Các phương pháp tự tử,id
nguy hiểm,Gudang Senjata,Kho vũ khí,id
tình dục,Orientasi Seksual,Xu hướng tình dục,id
tình dục,Perilaku Seksual,Hành vi tình dục,id
tình dục,Wisata Seks,Du lịch tình dục,id
tình dục,Seni Erotis,Nghệ thuật khiêu dâm,id
tình dục,Kebutuhan Seksual,Nhu cầu tình dục,id
tình dục,Aktivitas Seksual,Hoạt động tình dục,id
tình dục,Kecanduan Pornografi,Nghiện nội dung khiêu dâm,id
tình dục,Masokisme,Khổ dâm,id
tình dục,Pengalaman Seksual,Kinh nghiệm tình dục,id
tình dục,Kehidupan Seks,Đời sống tình dục,id
tình dục,Seks Oral,Quan hệ tình dục bằng miệng,id
tình dục,Bersifat Seksual,Tính chất tình dục,id
tình dục,Perdagangan Seks,Buôn bán tình dục,id
tình dục,Klub Strip,Câu lạc bộ thoát y,id
tình dục,Mainan Seks,Đồ chơi tình dục,id
tình dục,Pelumas Vagina,Chất bôi trơn âm đạo,id
tình dục,Menjilati Alat Kelamin,Liếm sinh dục,id
tình dục,Perzinahan,Ngoại tình,id
tình dục,Seks Melalui Telepon,Sex qua điện thoại,id
tình dục,Industri Seks,Ngành công nghiệp tình dục,id
tình dục,Naluri Seksual,Bản năng tình dục,id
tình dục,Disfungsi Ereksi,Rối loạn cương dương,id
tình dục,Meningkatkan Gairah Seks,Tăng cường ham muốn tình dục,id
tình dục,Bercinta,Làm tình,id
tình dục,Masturbasi,Thủ dâm,id
tình dục,Kondom,Bao cao su,id
tình dục,Persetubuhan,Giao hợp,id
tình dục,Seks Anal,Quan hệ qua đường hậu môn,id
tình dục,Terapi Seks,Liệu pháp tình dục,id
tình dục,Kenikmatan Seksual,Khoái cảm tình dục,id
tình dục,Boneka Berkelamin,Búp bê tình dục,id
tình dục,Orgasme,Cực khoái,id
tình dục,Memperkosa,Hiếp dâm,id
tình dục,Erotis,Khiêu dâm,id
tình dục,Cabul,Dâm dục,id
tình dục,Alat Kelamin,Cơ quan sinh dục,id
tình dục,Pemerkosaan Geng,Hiếp dâm tập thể,id
tình dục,Posisi Seks,Tư thế quan hệ tình dục,id
tình dục,Kepuasan Seksual,Thỏa mãn tình dục,id
tình dục,Orang Telanjang,Hỏa thân,id
tình dục,Pelacuran,Mại dâm,id
tình dục,Gairah Seksual,Kích dục,id
tình dục,Afrodisiak,Thuốc kích dục,id
tình dục,Ejakulasi,Xuất tinh,id
tình dục,Kekerasan Seksual,Bạo lực tình dục,id
tình dục,Sugestif Secara Seksual,Khêu gợi tình dục,id
tình dục,Eksploitasi Seksual,Bóc lột tình dục,id
tình dục,Pesta Seks,Tiệc tình dục,id
tình dục,Mitra Seks,Bạn tình,id