nguy hiểm,Spray Al Peperoncino,Bình xịt hơi cay,it
nguy hiểm,Coltelli Militari,Dao quân sự,it
nguy hiểm,Coltelli Da Combattimento,Dao chiến đấu,it
nguy hiểm,Tabacco Da Masticare,Nhai thuốc lá,it
nguy hiểm,Tabacchi da pipa,Tẩu thuốc lá,it
nguy hiểm,Cristallo Metanfetamina,Ma túy đá,it
nguy hiểm,Cocaina,Cocain,it
nguy hiểm,Mefedrone,,it
nguy hiểm,Uso Di Stupefacenti,Sử dụng ma túy,it
nguy hiểm,Gioco D’Azzardo,Đánh bạc,it
nguy hiểm,"Bookmakers, Casinò Online","Nhà cái, sòng bài trực tuyến",it
nguy hiểm,Gratta e Vinci online,Thẻ cào trực tuyến,it
nguy hiểm,Scommesse Sportive Online,Cá cược thể thao trực tuyến,it
nguy hiểm,Eroina,Heroin,it
nguy hiểm,Cannabis,Cần sa,it
nguy hiểm,Schiacciamento ,Nghiền nát ,it
nguy hiểm,Istigazione Al Suicidio,Xúi giục tự tử,it
nguy hiểm,Aggressione Violenta,Tấn công bạo lực,it
nguy hiểm,Combattimento Tra Cani,Chọi chó,it
nguy hiểm,Vendita Di Corno Di Rinoceronte,Bán sừng tê giác,it
nguy hiểm,Minacce Terroristiche,Đe dọa khủng bố,it
nguy hiểm,Traffico Di Organi Umani,Buôn bán nội tạng người,it
nguy hiểm,Mutilazione Genitale Femminile,Cắt bộ phận sinh dục nữ,it
nguy hiểm,Rivolta Religiosa,Bạo loạn tôn giáo,it
nguy hiểm,Rivolte Razziali,Bạo loạn chủng tộc,it
nguy hiểm,Comprare Phenibut,Mua phenibut,it
nguy hiểm,Decapitato,Chặt đầu,it
nguy hiểm,Istiga Alla Violenza,Kích động bạo lực,it
nguy hiểm,Sfruttamento Dei Bambini,Bóc lột trẻ em,it
nguy hiểm,Istruzioni Per Il Furto,Hướng dẫn trộm cắp,it
nguy hiểm,Guida Alle Frodi,Hướng dẫn gian lận,it
nguy hiểm,Metodi Di Suicidio,Các phương pháp tự tử,it
nguy hiểm,Comprare Noopept,Mua noopept,it
nguy hiểm,Picchiare Le Donne,Đánh đập phụ nữ,it
nguy hiểm,Pulizia Etnica,Thanh lọc sắc tộc,it
nguy hiểm,Persona Di Colore,Người da đen,it
nguy hiểm,Suprematisti Bianchi,Những người theo chủ nghĩa tối cao da trắng,it
nguy hiểm,Uccisioni Settarie,Giết người theo giáo phái,it
nguy hiểm,Estremismo,Chủ nghĩa cực đoan,it
nguy hiểm,Commercio Di Droga,Buôn bán ma túy,it
nguy hiểm,Sigaretta Elettronica,Thuốc lá điện tử,it
nguy hiểm,Attacco Suicida,Tấn công tự sát,it
nguy hiểm,Contrabbando (Contrabbandieri),Buôn lậu,it
nguy hiểm,Tratta Di Minori,Buôn bán trẻ em,it
tình dục,Orientamento Sessuale,Xu hướng tình dục,it
tình dục,Natiche,Mông,it
tình dục,Inguine,Vòng eo,it
tình dục,Arte Erotica,Nghệ thuật khiêu dâm,it
tình dục,Corpo Sessuale,Cơ thể gợi dục,it
tình dục,Fluidi Sessuali,Chất lỏng tình dục,it
tình dục,Voyeurismo,Chủ nghĩa say mê,it
tình dục,Sadomasochism,Bạo dâm,it
tình dục,Dominio E Sottomissione,Thống trị và phục tùng,it
tình dục,Schiavitù,Trói buộc,it
tình dục,Giochi Di Ruolo,Nhập vai,it
tình dục,Festival Di Film Pornografici,Liên hoan phim khiêu dâm,it
tình dục,Webcam Gratuite Per Adulti,Dịch vụ webcam cho người lớn,it
tình dục,Strip Club,Câu lạc bộ thoát y,it
tình dục,Giocattoli Sessuali,Đồ chơi tình dục,it
tình dục,Lubrificanti Personali,Chất bôi trơn cá nhân,it
tình dục,Strumenti Di Potenziamento Genitale,Công cụ nâng cao bộ phận sinh dục,it
tình dục,Affare,Ngoại tình,it
tình dục,Scambista,Tán gái,it
tình dục,Atto Sessuale,Hành vi tình dục,it
tình dục,Consigli Sul Sesso,Mẹo tình dục,it
tình dục,Farmaci Per La Cura Della Disfunzione Erettile,Thuốc rối loạn cương dương,it
tình dục,Integratori Per Aumentare La Libido,Thuốc bổ sung tăng cường ham muốn tình dục,it
tình dục,Fare L'Amore,Làm tình,it
tình dục,Masturbazione,Thủ dâm,it
tình dục,Preservativi,Bao cao su,it
tình dục,Rapporto Sessuale,Quan hệ tình dục,it
tình dục,Coito,,it
tình dục,Pene,Dương vật,it
tình dục,Vagina,Âm đạo,it
tình dục,Lussurioso,Dâm đãng,it
tình dục,Tonfo,,it
tình dục,Stupro,Hiếp dâm,it
tình dục,Erotico,Khiêu dâm,it
tình dục,Osceno,Dâm dục,it
tình dục,Genitali,Cơ quan sinh dục,it
tình dục,Stupro Di Gruppo,Hiếp dâm tập thể,it
tình dục,Posizioni Sessuali,Tư thế quan hệ tình dục,it
tình dục,Preliminari,Màn dạo đầu,it
tình dục,Nudista,Hỏa thân,it
tình dục,Prostituzione,Mại dâm,it
tình dục,Eccitazione Sessuale,Kích dục,it
tình dục,Afrodisiaci,Thuốc kích dục,it
tình dục,Eiaculato,Xuất tinh,it
tình dục,Gruppo Di Sesso Bisessuale,Nhóm tình dục lưỡng tính,it
tình dục,Cunnilingus,Kích thích âm hộ hoặc âm vật bằng miệng,it
tình dục,Pedofilo,Ấu dâm,it
tình dục,Incesto,Loạn luân,it
tình dục,Partner Sessuali,Bạn tình,it
tình dục,Sesso Bollente,Tình dục nóng bỏng,it
tình dục,Incontri Con Minorenne,Hẹn hò dưới tuổi vị thành niên,it