nguy hiểm,Экстремизм,Chủ nghĩa cực đoan,kk
nguy hiểm,Қылмыс орны,Hiện trường vụ án ,kk
nguy hiểm,Жарылыстар,Vụ nổ,kk
nguy hiểm,жанкешті жарылыстардың,Đánh bom liều chết,kk
nguy hiểm,Тырнақ бомбалары,Bom đinh,kk
nguy hiểm,Химиялық бомбалар,Bom hóa học,kk
nguy hiểm,Гранаттар,Lựu đạn,kk
nguy hiểm,Бала саудасы,Buôn bán trẻ em,kk
nguy hiểm,Бомба жасау бойынша нұсқаулықтар,Hướng dẫn chế tạo bom,kk
nguy hiểm,3D басып шығарылған қарулар,Súng in 3D,kk
nguy hiểm,BB мылтығы,Súng BB,kk
nguy hiểm,Аэрсофт қарулары,Súng hơi hạng nhẹ,kk
nguy hiểm,Оқ-дәрілер,Đạn dược,kk
nguy hiểm,Химиялық қару,Vũ khí hóa học,kk
nguy hiểm,Қара адамдар,Người da đen,kk
nguy hiểm,Неонацизм,Chủ nghĩa phát xít mới,kk
nguy hiểm,секталық,Giáo phái,kk
nguy hiểm,Бұрыш спрейі,Bình xịt hơi cay,kk
nguy hiểm,Әскери пышақтар,Dao quân sự,kk
nguy hiểm,Жауынгерлік пышақтар,Dao chiến đấu,kk
nguy hiểm,Темекіні шайнау,Nhai thuốc lá,kk
nguy hiểm,Темекі түтіктері,Tẩu thuốc lá,kk
nguy hiểm,метамфетамин,Ma túy đá,kk
nguy hiểm,Кокаин ,Cocaine,kk
nguy hiểm,Мефедрон,,kk
nguy hiểm,Есірткі заттарды пайдалану ,Sử dụng ma túy,kk
nguy hiểm,Есірткі саудасы,Buôn bán ma túy,kk
nguy hiểm,"онлайн-казино, букмекерлік кеңселер","Sòng bạc trực tuyến, nhà cái",kk
nguy hiểm,бандалар,Băng đảng,kk
nguy hiểm,Спорттық Ставкалар,Cá cược thể thao ,kk
nguy hiểm,Героин,,kk
nguy hiểm,Марихуана,Cần sa,kk
nguy hiểm,Террорлық шабуыл,Tấn công khủng bố,kk
nguy hiểm,Суицидті насихаттау,Tuyên truyền tự sát,kk
nguy hiểm,Контрабандалық (контрабанда),Buôn lậu,kk
nguy hiểm,Иттермен күрес,Chọi chó,kk
nguy hiểm,мүйізтұмсық мүйіздерінің саудасына,Buôn bán sừng tê giác,kk
nguy hiểm,Террорлық қауіптер,Đe dọa khủng bố,kk
nguy hiểm,адам мүшелерінің саудасы,Buôn bán nội tạng người,kk
nguy hiểm,Әйел жыныс мүшелерінің зақымдануы,Cắt bộ phận sinh dục nữ,kk
nguy hiểm,тәртіпсіздік,Bạo loạn ,kk
nguy hiểm,Нәсілдік тәртіпсіздіктер,Bạo loạn chủng tộc,kk
nguy hiểm,тапсырыс бойынша кісі өлтіру,Hợp đồng giết người,kk
nguy hiểm,Басы кесілген,Chặt đầu,kk
nguy hiểm,зорлық-зомбылыққа шақыру,Kích động bạo lực,kk
nguy hiểm,балаларды еңбек қанауына,Bóc lột lao động trẻ em,kk
nguy hiểm,ұрлау тәсілі,Cách ăn cắp,kk
nguy hiểm,алдау әдісі,Phương pháp gian lận,kk
nguy hiểm,Суицид әдістері,Các phương pháp tự tử,kk
nguy hiểm,Қару-жарақ қоймасы,Kho vũ khí,kk
nguy hiểm,әйелдерге қатысты зорлық-зомбылық,Bạo hành phụ nữ,kk
nguy hiểm,Этникалық тазалау,Thanh lọc sắc tộc,kk
nguy hiểm, геноцидке шақыру,Kêu gọi diệt chủng,kk
tình dục,Жыныстық бағдар,Xu hướng tình dục,kk
tình dục,Бөкселер,Mông,kk
tình dục,жыныстық зорлық-зомбылық,Bạo lực tình dục,kk
tình dục,эротикалық белгілер,Dấu hiệu khiêu dâm,kk
tình dục,Жыныстық өмірдің,Cuộc sống tình dục,kk
tình dục,сексуалдық қанағаттану,Thỏa mãn tình dục,kk
tình dục,аналық жыныс,Cơ quan sinh dục nữ,kk
tình dục,садистік,Bạo dâm,kk
tình dục,жыныстық белсенділік,Hoạt động tình dục,kk
tình dục,мазохизм,Khổ dâm,kk
tình dục,жыныстық алымсақтық,Quấy rối tình dục,kk
tình dục,Порнографиялық фильмдер,Phim khiêu dâm,kk
tình dục,жыныстық қатынасқа,Quan hệ tình dục,kk
tình dục,Стрип-клубтар,Câu lạc bộ thoát y,kk
tình dục,Секс ойыншықтары,Đồ chơi tình dục,kk
tình dục,жыныстық ләззат,Khoái cảm,kk
tình dục,жыныс мүшелерін,Bộ phận sinh dục,kk
tình dục,зинақорлық,Ngoại tình,kk
tình dục,флирт,Tán tỉnh,kk
tình dục,секс айырбасы,Trao đổi tình dục,kk
tình dục,Инцест,Loạn luân,kk
tình dục,Эректильді дисфункция,Rối loạn cương dương,kk
tình dục,Либидоны арттыратын,Tăng cường ham muốn tình dục,kk
tình dục,сүйіспеншілік жасау,Làm tình,kk
tình dục,Мастурбация,Thủ dâm,kk
tình dục,Презерватив,Bao cao su,kk
tình dục,Жыныстық серіктестер,Bạn tình,kk
tình dục,ыстық секс,Tình dục nóng bỏng,kk
tình dục,Пенис,Dương vật,kk
tình dục,Қынап,Âm đạo,kk
tình dục,арсыздық,Tục tĩu,kk
tình dục,балалар жезөкшелігі,Mại dâm trẻ em,kk
tình dục,Зорлау,Hiếp dâm,kk
tình dục,Эротикалық,Khiêu dâm,kk
tình dục,Азғын,Dâm dục,kk
tình dục,балалар порно,Khiêu dâm trẻ em,kk
tình dục,Топтық зорлау,Hiếp dâm tập thể,kk
tình dục,Жыныстық позициялар,Tư thế quan hệ tình dục,kk
tình dục,Алдын ала ойнау,Màn dạo đầu,kk
tình dục,Нудист,Hỏa thân,kk
tình dục,Жезөкшелік,Mại dâm,kk
tình dục,Жыныстық қозу,Kích dục,kk
tình dục,Афродизиактар,Thuốc kích dục,kk
tình dục,Эякуляция,Xuất tinh,kk
tình dục,топтық секс,Tình dục nhóm,kk
tình dục,клиторды қоздыру,Kích thích âm hộ,kk
tình dục,Педофил,Ấu dâm,kk