nguy hiểm,Sisa Kumuh Manusia Dan Haiwan ,Chất thải của con người hoặc động vật,ms
nguy hiểm,Tempat Kejadian ,Hiện trường vụ án ,ms
nguy hiểm,Letupan,Vụ nổ,ms
nguy hiểm,Pengebom Berani Mati,Đánh bom liều chết,ms
nguy hiểm,Bom Paku,Bom đinh,ms
nguy hiểm,Bom Kimia,Bom hóa học,ms
nguy hiểm,Bom Tangan,Lựu đạn,ms
nguy hiểm,Mercun,Pháo nổ,ms
nguy hiểm,Panduan Membuat Bom,Hướng dẫn chế tạo bom,ms
nguy hiểm,Senjata Api Bercetak 3D,Súng in 3D,ms
nguy hiểm,Mesingan,Súng máy,ms
nguy hiểm,Dan Senapang,Súng trường,ms
nguy hiểm,Peluru,Đạn dược,ms
nguy hiểm,Senjata Kimia,Vũ khí hóa học,ms
nguy hiểm,Pistol,Súng lục,ms
nguy hiểm,Pistol Elektrik,Súng điện,ms
nguy hiểm,Penyembur Lada,Bình xịt hơi cay,ms
nguy hiểm,Pisau Tentera,Dao quân sự,ms
nguy hiểm,Pisau Pertempuran,Dao chiến đấu,ms
nguy hiểm,Mengunyah Tembakau,Nhai thuốc lá,ms
nguy hiểm,Paip Tembakau,Tẩu thuốc lá,ms
nguy hiểm,Methamphetamine,Ma túy đá,ms
nguy hiểm,Kokain,Cocaine,ms
nguy hiểm,Mephedrone,,ms
nguy hiểm,Penggunaan Dadah,Sử dụng ma túy,ms
nguy hiểm,Kasino ,Sòng bạc,ms
nguy hiểm,Perjudian Dalam Talian,Cờ bạc trực tuyến,ms
nguy hiểm,Pertaruhan Sukan,Cá cược thể thao,ms
nguy hiểm,Heroin,,ms
nguy hiểm,Marijuana,Cần sa,ms
nguy hiểm,Cara Bunuh Diri,Phương pháp tự sát,ms
nguy hiểm,Serangan,Tấn công,ms
nguy hiểm,Ancaman Pengganas,Đe dọa khủng bố,ms
nguy hiểm,Pemerdagangan Organ Manusia,Buôn bán nội tạng người,ms
nguy hiểm,Rusuhan ,Bạo loạn ,ms
nguy hiểm,Rusuhan Kaum,Bạo loạn chủng tộc,ms
nguy hiểm,Kepala Dipenggal,Chặt đầu,ms
nguy hiểm,Menghasut Keganasan,Kích động bạo lực,ms
nguy hiểm,Eksploitasi Kanak-Kanak,Bóc lột trẻ em,ms
nguy hiểm,Kaedah Bunuh Diri,Các phương pháp tự tử,ms
nguy hiểm,Gudang Senjata,Kho vũ khí,ms
nguy hiểm,Pembersihan Etnik,Thanh lọc sắc tộc,ms
nguy hiểm,Orang Kulit Hitam,Người da đen,ms
nguy hiểm,Ketuanan Kulit Putih,Những người theo chủ nghĩa tối cao da trắng,ms
nguy hiểm,Ekstremisme,Chủ nghĩa cực đoan,ms
nguy hiểm,Perdagangan Dadah,Buôn bán ma túy,ms
nguy hiểm,Serangan Bunuh Diri,Tấn công tự sát,ms
nguy hiểm,Penyeludupan (Penyeludup),Buôn lậu,ms
nguy hiểm,Pemerdagangan Kanak-Kanak,Buôn bán trẻ em,ms
nguy hiểm,Nazisme,Chủ nghĩa quốc xã,ms
tình dục,Orientasi Seksual,Xu hướng tình dục,ms
tình dục,Keganasan Seksual,Bạo lực tình dục,ms
tình dục,Selangkangan,Háng,ms
tình dục,Ketagihan Pornografi,Nghiện khiêu dâm,ms
tình dục,Tubuh Seksinya,Cơ thể gợi dục,ms
tình dục,Bahan Seksual,Tài liệu tình dục,ms
tình dục,Kehidupan Seksual,Đời sống tình dục,ms
tình dục,Sadis,Bạo dâm,ms
tình dục,Masokisme,Khổ dâm,ms
tình dục,Bahan Pornografi,Tài liệu khiêu dâm,ms
tình dục,Filem Lucah,Phim khiêu dâm,ms
tình dục,Aktiviti Seksual,Hoạt động tình dục,ms
tình dục,Pornografi Kanak-Kana,Khiêu dâm trẻ em,ms
tình dục,Permainan Seks,Trò chơi tình dục,ms
tình dục,Pelinciran Vagina,Bôi trơn âm đạo,ms
tình dục,Alat Kelamin,Bộ phận sinh dục,ms
tình dục,Bercumbu,Tán tỉnh,ms
tình dục,Teman Seks,Bạn tình,ms
tình dục,Naluri Seks,Bản năng tình dục,ms
tình dục,Disfungsi Erektil,Rối loạn cương dương,ms
tình dục,Dorongan Seksual,Ham muốn tình dục,ms
tình dục,Bercinta,Làm tình,ms
tình dục,Melancap,Thủ dâm,ms
tình dục,Kondom,Bao cao su,ms
tình dục,Persetubuhan,Giao hợp,ms
tình dục,Zakar,Dương vật,ms
tình dục,Faraj,Âm đạo,ms
tình dục,Bernafsu,Dâm đãng,ms
tình dục,Eksploitasi Seksual,Bóc lột tình dục,ms
tình dục,Rogol,Hiếp dâm,ms
tình dục,Keseronokan Seksual,Khoái cảm tình dục,ms
tình dục,Politik Seksual,Chính trị tình dục,ms
tình dục,Gangguan Seksual,Quấy rối tình dục,ms
tình dục,Bogel,Hỏa thân,ms
tình dục,Rangsangan Seksual,Kích dục,ms
tình dục,Ubat Perangsang,Thuốc kích dục,ms
tình dục,Melalui Seks Faraj,Quan hệ tình dục qua đường âm đạo,ms
tình dục,Seks Oral,Quan hệ tình dục bằng miệng,ms