nguy hiểm,Kinderhandel,Buôn bán trẻ em,nl
nguy hiểm,Menselijk Afval ,Chất thải của con người ,nl
nguy hiểm,Plaats Delict ,Hiện trường vụ án,nl
nguy hiểm,Explosies,Vụ nổ,nl
nguy hiểm,Zelfmoordbommenwerper,Đánh bom liều chết,nl
nguy hiểm,Nagelbommen,Bom đinh,nl
nguy hiểm,Chemische Bommen,Bom hóa học,nl
nguy hiểm,Granaten,Lựu đạn,nl
nguy hiểm,Voetzoekers,Pháo nổ,nl
nguy hiểm,Zelfgemaakte Bommen,Bom tự chế,nl
nguy hiểm,3D-Geprinte Wapens,Súng in 3D,nl
nguy hiểm,Bb Guns,Súng BB,nl
nguy hiểm,Airsoft-Geweren,Súng hơi hạng nhẹ,nl
nguy hiểm,Munitie,Đạn dược,nl
nguy hiểm,Chemisch Wapen,Vũ khí hóa học,nl
nguy hiểm,Sterren Gooien,Ném ngôi sao,nl
nguy hiểm,Tasers,Súng điện,nl
nguy hiểm,Boksbeugels,Đốt ngón tay bằng đồng,nl
nguy hiểm,Pepperspray,Bình xịt hơi cay,nl
nguy hiểm,Militaire Messen,Dao quân sự,nl
nguy hiểm,Vechtmessen,Dao chiến đấu,nl
nguy hiểm,Tabak Kauwen,Nhai thuốc lá,nl
nguy hiểm,Tabakspijpen,Tẩu thuốc lá,nl
nguy hiểm,Crystal Meth,Ma túy đá,nl
nguy hiểm,Substituten Van Cocaïne,Chất thay thế cocaine,nl
nguy hiểm,Mephedrone,,nl
nguy hiểm,Drugsgebruik,Sử dụng ma túy,nl
nguy hiểm,Zelfmoordaanval,Tấn công tự sát,nl
nguy hiểm,Online Casino'S Of Bookmakers,"Sòng bạc, nhà cái trực tuyến",nl
nguy hiểm,Online Aankoop Van Loterijloten Of Kraskaarten,Mua vé hoặc thẻ cào xổ số trực tuyến,nl
nguy hiểm,Online Wedden Op Sportwedstrijden,Cá cược thể thao trực tuyến,nl
nguy hiểm,Heroïne,,nl
nguy hiểm,Marihuana,Cần sa,nl
nguy hiểm,Verplettering Van Dieren ,Nghiền nát động vật,nl
nguy hiểm,Aanzetten Tot Zelfmoord,Xúi giục tự sát,nl
nguy hiểm,Aanval,Tấn công,nl
nguy hiểm,Hondengevecht,Chọi chó,nl
nguy hiểm,Verkoop Van Neushoornhoorn,Bán sừng tê giác,nl
nguy hiểm,Terroristische Dreigingen,Đe dọa khủng bố,nl
nguy hiểm,Handel In Menselijke Organen,Buôn bán nội tạng người,nl
nguy hiểm,Vrouwelijke Genitale Verminking,Cắt bộ phận sinh dục nữ,nl
nguy hiểm,Religieuze Rellen,Bạo loạn tôn giáo,nl
nguy hiểm,Rassenrellen,Bạo loạn chủng tộc,nl
nguy hiểm,Smokkel (Smokkelaars),Buôn lậu,nl
nguy hiểm,Onthoofd,Chặt đầu,nl
nguy hiểm,Aanzetten Tot Geweld,Kích động bạo lực,nl
nguy hiểm,Uitbuiting Van Kinderen,Bóc lột trẻ em,nl
nguy hiểm,Diefstal Instructies,Hướng dẫn trộm cắp,nl
nguy hiểm,Fraudegids,Hướng dẫn gian lận,nl
nguy hiểm,Zelfmoordmethoden,Các phương pháp tự tử,nl
nguy hiểm,Wapenkamer,Kho vũ khí,nl
nguy hiểm,Mishandeling,"Lạm dụng, hành hung",nl
nguy hiểm,Etnische Zuivering,Thanh lọc sắc tộc,nl
nguy hiểm,Zwarte Mensen,Người da đen,nl
nguy hiểm,Blanke Supremacisten,Những người theo chủ nghĩa tối cao da trắng,nl
nguy hiểm,Sektarisch Geweld,Bạo lực giáo phái,nl
nguy hiểm,Extremisme,Chủ nghĩa cực đoan,nl
nguy hiểm,Drugshandel,Buôn bán ma túy,nl
tình dục,Seksuele Geaardheid,Xu hướng tình dục,nl
tình dục,Zitvlak,Mông,nl
tình dục,Taille,Vòng eo,nl
tình dục,Erotische Kunst,Nghệ thuật khiêu dâm,nl
tình dục,Sexy Lichaam,Cơ thể gợi dục,nl
tình dục,Seksuele Smeermiddelen,Chất bôi trơn tình dục,nl
tình dục,Voyeurisme,Chủ nghĩa say mê,nl
tình dục,Sadomasochisme,Bạo dâm,nl
tình dục,Dominantie En Onderwerping,Thống trị và phục tùng,nl
tình dục,Seksuele Activiteit,Hoạt động tình dục,nl
tình dục,Rollenspel,Nhập vai,nl
tình dục,Erotisch Filmfestival,Liên hoan phim khiêu dâm,nl
tình dục,Webcamdiensten Voor Volwassenen,Dịch vụ webcam cho người lớn,nl
tình dục,Striptease,Thoát y,nl
tình dục,Seksspeeltjes,Đồ chơi tình dục,nl
tình dục,Stimulerende Middelen,Chất kích thích,nl
tình dục,Genitale Hygiëne,Vệ sinh bộ phận sinh dục,nl
tình dục,Overspel,Ngoại tình,nl
tình dục,Vleien,Tán gái,nl
tình dục,Flirterige,Hẹn hò tán tỉnh,nl
tình dục,Sekstips,Mẹo tình dục,nl
tình dục,Erectiestoornis,Rối loạn cương dương,nl
tình dục,Libido Verhogen,Tăng cường ham muốn tình dục,nl
tình dục,Vrijen,Làm tình,nl
tình dục,Masturbatie,Thủ dâm,nl
tình dục,Condoom,Bao cao su,nl
tình dục,Geslachtsgemeenschap,Giao hợp,nl
tình dục,Coïtus,,nl
tình dục,Penis,Dương vật,nl
tình dục,Vagina,Âm đạo,nl
tình dục,Wellustig,Dâm đãng,nl
tình dục,Plof,,nl
tình dục,Verkrachting,Hiếp dâm,nl
tình dục,Erotisch,Khiêu dâm,nl
tình dục,Onzedelijk,Dâm dục,nl
tình dục,Geslachtsdelen,Cơ quan sinh dục,nl
tình dục,Groepsverkrachting,Hiếp dâm tập thể,nl
tình dục,Seksposities,Tư thế quan hệ tình dục,nl
tình dục,Voorspel,Màn dạo đầu,nl
tình dục,Seks Tussen Minderjarige Kinderen,Hẹn hò dưới tuổi vị thành niên,nl
tình dục,Prostitutie,Mại dâm,nl
tình dục,Seksuele Opwinding,Kích dục,nl
tình dục,Afrodisiaca,Thuốc kích dục,nl
tình dục,Geëjaculeerd,Xuất tinh,nl
tình dục,Groep Lokale Sex,Nhóm tình dục lưỡng tính,nl
tình dục,Beffen,Kích thích âm hộ hoặc âm vật bằng miệng,nl
tình dục,Pedofiel,Ấu dâm,nl
tình dục,Incestueuze,Loạn luân,nl
tình dục,Sekspartners,Bạn tình,nl
tình dục,Hete Sex,Tình dục nóng bỏng,nl