nguy hiểm,Resíduos Humanos Ou Animais,Chất thải của con người hoặc động vật,pt
nguy hiểm,Cenas De Crimes,Hiện trường vụ án ,pt
nguy hiểm,Explosões,Vụ nổ,pt
nguy hiểm,Bombardeiro Suicida,Đánh bom liều chết,pt
nguy hiểm,Bombas De Pregos,Bom đinh,pt
nguy hiểm,Bombas Químicas,Bom hóa học,pt
nguy hiểm,Granadas,Lựu đạn,pt
nguy hiểm,Petardos,Pháo nổ,pt
nguy hiểm,Guias Sobre O Fabrico De Bombas,Hướng dẫn chế tạo bom,pt
nguy hiểm,Armas Impressas Em 3D,Súng in 3D,pt
nguy hiểm,Armas Bb,Súng BB,pt
nguy hiểm,Armas De Airsoft,Súng hơi hạng nhẹ,pt
nguy hiểm,Munições,Đạn dược,pt
nguy hiểm,Arma Química,Vũ khí hóa học,pt
nguy hiểm,Neonazismo,Chủ nghĩa phát xít mới,pt
nguy hiểm,Tasers,Súng điện,pt
nguy hiểm,Soqueiras,Đốt ngón tay bằng đồng,pt
nguy hiểm,Gás Pimenta,Bình xịt hơi cay,pt
nguy hiểm,Facas Militares,Dao quân sự,pt
nguy hiểm,Facas De Combate,Dao chiến đấu,pt
nguy hiểm,Mastigar Tabaco,Nhai thuốc lá,pt
nguy hiểm,Cachimbos,Tẩu thuốc lá,pt
nguy hiểm,Metanfetaminas,Ma túy đá,pt
nguy hiểm,Substitutos Da Cocaína,Chất thay thế cocaine,pt
nguy hiểm,Mefedrona,,pt
nguy hiểm,Uso De Narcóticos,Sử dụng ma túy,pt
nguy hiểm,Contrabando,Buôn lậu,pt
nguy hiểm,Casinos Ou Casas De Apostas Online,"Sòng bạc, nhà cái trực tuyến",pt
nguy hiểm,Compra Online De Bilhetes Da Lotaria Ou Raspadinhas,"Mua vé số, thẻ cào trực tuyến",pt
nguy hiểm,Apostas Desportivas Online,Cá cược thể thao trực tuyến,pt
nguy hiểm,Heroína,,pt
nguy hiểm,Maconha,Cần sa,pt
nguy hiểm,Tráfico De Crianças,Buôn bán trẻ em,pt
nguy hiểm,Ideação Suicida,Ý tưởng tự tử,pt
nguy hiểm,Poder Branco,Quyền lực trắng,pt
nguy hiểm,Luta De Cães,Chọi chó,pt
nguy hiểm,Venda De Chifre De Rinoceronte,Bán sừng tê giác,pt
nguy hiểm,Ameaças Terroristas,Đe dọa khủng bố,pt
nguy hiểm,Tráfico De Órgãos Humanos,Buôn bán nội tạng người,pt
nguy hiểm,Mutilação Genital Feminina,Cắt bộ phận sinh dục nữ,pt
nguy hiểm,Revoltas Religiosas,Bạo loạn tôn giáo,pt
nguy hiểm,Distúrbios Raciais,Bạo loạn chủng tộc,pt
nguy hiểm,Orgulho Branco,Lòng kiêu hãnh của chủng tộc da trắng,pt
nguy hiểm,Decapitação,Chặt đầu,pt
nguy hiểm,Incitava Violência,Kích động bạo lực,pt
nguy hiểm,Exploração Infantil,Bóc lột trẻ em,pt
nguy hiểm,Como Roubar,Làm thế nào để ăn cắp,pt
nguy hiểm,Método De Trapaça,Hướng dẫn gian lận,pt
nguy hiểm,Métodos De Suicídio,Các phương pháp tự tử,pt
nguy hiểm,Armaria,Kho vũ khí,pt
nguy hiểm,Castigos Corporais,Hình phạt về thể xác,pt
nguy hiểm,Limpeza Étnica,Thanh lọc sắc tộc,pt
nguy hiểm,Pessoas Negras,Người da đen,pt
nguy hiểm,Supremacistas Brancos,Những người theo chủ nghĩa tối cao da trắng,pt
nguy hiểm,Assassinatos Sectários,Giết người theo giáo phái,pt
nguy hiểm,Extremismo,Chủ nghĩa cực đoan,pt
nguy hiểm,Comércio De Drogas,Buôn bán ma túy,pt
nguy hiểm,Força Bruta,Tấn công vũ phu,pt
nguy hiểm,Ataques Suicidas,Tấn công tự sát,pt
tình dục,Orientação Sexual,Xu hướng tình dục,pt
tình dục,Política Sexual,Chính trị tình dục,pt
tình dục,Arte Erótica,Nghệ thuật khiêu dâm,pt
tình dục,Sexuais Femininas,Tình dục nữ,pt
tình dục,Materiais Sexualmente,Tài liệu tình dục,pt
tình dục,Satisfação Sexual,Thỏa mãn tình dục,pt
tình dục,Sádico,Bạo dâm,pt
tình dục,Consentimiento Sexual,Sự đồng ý tình dục,pt
tình dục,Atividade Sexual,Hoạt động tình dục,pt
tình dục,Violência Sexual,Bạo lực tình dục,pt
tình dục,Filmes Pornográficos,Phim khiêu dâm,pt
tình dục,Abuso Sexual,Lạm dục tình dục,pt
tình dục,Clubes De Striptease,Câu lạc bộ thoát y,pt
tình dục,Brinquedos Sexuais,Đồ chơi tình dục,pt
tình dục,Lubrificação Vaginal,Bôi trơn âm đạo,pt
tình dục,Órgãos Genitais,Bộ phận sinh dục,pt
tình dục,Adultério,Ngoại tình,pt
tình dục,Flerte,Tán tỉnh,pt
tình dục,Prazer Sexual,Khoái cảm tình dục,pt
tình dục,Truques De Sexo,Mẹo tình dục,pt
tình dục,Disfunção Erétil,Rối loạn cương dương,pt
tình dục,Aumentar O Desejo Sexual,Tăng cường ham muốn tình dục,pt
tình dục,Fazer Amor,Làm tình,pt
tình dục,Masturbação,Thủ dâm,pt
tình dục,Preservativo,Bao cao su,pt
tình dục,Sexo,Giao hợp,pt
tình dục,Assédio Sexual,Quấy rối tình dục,pt
tình dục,Pênis,Dương vật,pt
tình dục,Vagina,Âm đạo,pt
tình dục,Lascivo,Dâm dục,pt
tình dục,Penetração Vaginal,Thâm nhập âm đạo,pt
tình dục,Estupro,Hiếp dâm,pt
tình dục,Pornografia,Khiêu dâm,pt
tình dục,Sexualmente Catártico,Kích thích tình dục,pt
tình dục,Pornografia Infantil,Khiêu dâm trẻ em,pt
tình dục,Estupro Coletivo,Hiếp dâm tập thể,pt
tình dục,Posições Sexuais,Tư thế quan hệ tình dục,pt
tình dục,Preliminares,Màn dạo đầu,pt
tình dục,Sexo Quente,Tình dục nóng bỏng,pt
tình dục,Prostituição,Mại dâm,pt
tình dục,Excitação Sexual,Kích dục,pt
tình dục,Afrodisíacos,Thuốc kích dục,pt
tình dục,Ejaculado,Xuất tinh,pt
tình dục,Grupo De Sexo,Nhóm tình dục,pt
tình dục,Estimulação Vaginal,Kích thích âm đạo,pt
tình dục,Pedófilo,Ấu dâm,pt
tình dục,Incesto,Loạn luân,pt
tình dục,Parceiros Sexuais,Bạn tình,pt