nguy hiểm,Deseurile Animaliere,Chất thải của động vật,ro
nguy hiểm,Scena Crimei,Hiện trường vụ án ,ro
nguy hiểm,Atentator Sinucigaș,Đánh bom liều chết,ro
nguy hiểm,Bomba Atomică,Bom nguyên tử,ro
nguy hiểm,Bombe Chimice,Bom hóa học,ro
nguy hiểm,Grenadă,Lựu đạn,ro
nguy hiểm,Petarde,Pháo nổ,ro
nguy hiểm,Cum Se Fabrică O Bombă,Làm thế nào để chế tạo 1 quả bom,ro
nguy hiểm,Pistol Imprimanta 3D,Súng in 3D,ro
nguy hiểm,Pistolă Bb,Súng BB,ro
nguy hiểm,Arme De Airsoft,Súng hơi hạng nhẹ,ro
nguy hiểm,Muniţie,Đạn dược,ro
nguy hiểm,Armă Chimică,Vũ khí hóa học,ro
nguy hiểm,Cutite De Aruncat,Dao ném,ro
nguy hiểm,Arme Cu Electroșoc,Vũ khí điện giật,ro
nguy hiểm,Bomba Nucleară,Bom hạt nhân,ro
nguy hiểm,Spray Cu Piper,Bình xịt hơi cay,ro
nguy hiểm,Cuțite Militare,Dao quân sự,ro
nguy hiểm,Cuțite De Luptă,Dao chiến đấu,ro
nguy hiểm,Tutun De Mestecat,Thuốc lá nhai,ro
nguy hiểm,Pipe De Fumat,Tẩu thuốc lá,ro
nguy hiểm,Metamfetamină,Ma túy đá,ro
nguy hiểm,Cocaină,Cocaine,ro
nguy hiểm,Mefedronă,,ro
nguy hiểm,Consumul De Narcotice,Sử dụng ma túy,ro
nguy hiểm,Ecstasy,Thuốc lắc,ro
nguy hiểm,"Case De Pariuri, Cazinourile Online","Nhà cái cá cược, sòng bạc trực tuyến",ro
nguy hiểm,Folosirea Explozibililor,Sử dụng chất nổ,ro
nguy hiểm,Pariuri Sportive ,Cá cược thể thao,ro
nguy hiểm,Heroină,,ro
nguy hiểm,Marijuana,Cần sa,ro
nguy hiểm,Zdrobirea Animalelor,Nghiền nát động vật,ro
nguy hiểm,Încurajează Sinuciderea,Ủng hộ tự sát,ro
nguy hiểm,Atacă Pe,Kêu gọi tấn công người khác,ro
nguy hiểm,Luptă De Câini,Chọi chó,ro
nguy hiểm,Comert Ilegal,Buôn bán bất hợp pháp,ro
nguy hiểm,Amenințări Teroriste,Đe dọa khủng bố,ro
nguy hiểm,Traficul De Organe ,Buôn bán nội tạng ,ro
nguy hiểm,Mutilarea Genitală A Femeilor,Cắt bộ phận sinh dục nữ,ro
nguy hiểm,Revoltă Religioasă,Bạo loạn tôn giáo,ro
nguy hiểm,Revoltă Rasială,Bạo loạn chủng tộc,ro
nguy hiểm,Uciderea Prin Contract,Hợp đồng giết người,ro
nguy hiểm,Decapita,Chặt đầu,ro
nguy hiểm,Incitarea La Violenta,Kích động bạo lực,ro
nguy hiểm,Exploatarea Copiilor,Bóc lột trẻ em,ro
nguy hiểm,Metoda De Furt,Phương thức trộm cắp,ro
nguy hiểm,Metoda De Înșelăciune,Phương thức gian lận,ro
nguy hiểm,Metode De Sinucidere,Các phương pháp tự tử,ro
nguy hiểm,Armurărie,Kho vũ khí,ro
nguy hiểm,Lovitură De Stat,Đảo chính,ro
nguy hiểm,Epurare Etnica,Thanh lọc sắc tộc,ro
nguy hiểm,Persoane De Culoare,Người da đen,ro
nguy hiểm,Supremaciştii Albi,Những người theo chủ nghĩa tối cao da trắng,ro
nguy hiểm,Sectă,Giáo phái,ro
nguy hiểm,Extremismul,Chủ nghĩa cực đoan,ro
nguy hiểm,Comerțul Cu Droguri,Buôn bán ma túy,ro
nguy hiểm,Atac Prin Forță Brută,Tấn công vũ phu,ro
nguy hiểm,Atac Sinucigaș,Tấn công tự sát,ro
nguy hiểm,Contrabanda (Contrabandisti),Buôn lậu,ro
nguy hiểm,Traficul De Copii,Buôn bán trẻ em,ro
tình dục,Practica Sexuală,Thực hành tình dục,ro
tình dục,Arta Erotica,Nghệ thuật khiêu dâm,ro
tình dục,Corpul Sexual,Cơ thể gợi dục,ro
tình dục,Fluide Sexuale,Chất lỏng tình dục,ro
tình dục,Voyeurism,Chủ nghĩa say mê,ro
tình dục,Sadomasochismul,Bạo dâm,ro
tình dục,Dominanță Și Supunere,Thống trị và phục tùng,ro
tình dục,Robie,Trói buộc,ro
tình dục,Orientare Sexuală,Xu hướng tình dục,ro
tình dục,Festivaluri De Filme Pornografice,Liên hoan phim khiêu dâm,ro
tình dục,Prostituţie Cu Minori,Mại dâm với trẻ tuổi vị thành niên,ro
tình dục,Club De Striptease,Câu lạc bộ thoát y,ro
tình dục,Jucării Sexuale,Đồ chơi tình dục,ro
tình dục,Pentru Sex,Chất bôi trơn cá nhân,ro
tình dục,Tulburari Adreno-Genitale,Rối loạn sinh dục,ro
tình dục,Adulter,Ngoại tình,ro
tình dục,Sex Aspru,Tình dục thô bạo,ro
tình dục,Întâlniri,Hẹn hò tán tỉnh,ro
tình dục,Sfaturi Pentru Sex,Mẹo tình dục,ro
tình dục,Disfunctia Erectila,Rối loạn cương dương,ro
tình dục,Libidoul,Ham muốn tình dục,ro
tình dục,Face Dragoste,Làm tình,ro
tình dục,Masturbare,Thủ dâm,ro
tình dục,Prezervativ,Bao cao su,ro
tình dục,Sexul Anal,Quan hệ tình dục qua đường hậu môn,ro
tình dục,Relaţii Sexuale,Quan hệ tình dục,ro
tình dục,Penisul,Dương vật,ro
tình dục,Vaginul,Âm đạo,ro
tình dục,Lubric,Dâm đãng,ro
tình dục,Anestezie Sexuală,Gây mê tình dục,ro
tình dục,Violurilor,Hiếp dâm,ro
tình dục,Pornografic,Khiêu dâm,ro
tình dục,Lasciv,Dâm dục,ro
tình dục,Genitale,Cơ quan sinh dục,ro
tình dục,Viol În Grup,Hiếp dâm tập thể,ro
tình dục,Poziții Sexuale,Tư thế quan hệ tình dục,ro
tình dục,Preludiu,Màn dạo đầu,ro
tình dục,Afrodiziac,Thuốc kích dục,ro
tình dục,Prostituţie,Mại dâm,ro
tình dục,Excitare Sexuală,Kích dục,ro
tình dục,Afrodisiac Femei,Thuốc kích dục nữ,ro
tình dục,Ejaculat,Xuất tinh,ro
tình dục,Grup De Sex Bisexual,Nhóm tình dục lưỡng tính,ro
tình dục,Stimularea Clitorisului,Kích thích âm vật,ro
tình dục,Pedofili,Ấu dâm,ro
tình dục,Incestuoasă,Loạn luân,ro
tình dục,Parteneri Sexuali,Bạn tình,ro
tình dục,Sex Fierbinte,Tình dục nóng bỏng,ro