nguy hiểm,Отходы человека или животных,Chất thải của con người hoặc động vật,ru
nguy hiểm,Место преступления или несчастный случай,Hiện trường vụ án hoặc tai nạn,ru
nguy hiểm,Взрывы,Vụ nổ,ru
nguy hiểm,Террорист-смертник,Đánh bom liều chết,ru
nguy hiểm,Трубчатая бомба,Bom ống,ru
nguy hiểm,Химические бомбы,Bom hóa học,ru
nguy hiểm,Гранаты,Lựu đạn,ru
nguy hiểm,петарды,Pháo nổ,ru
nguy hiểm,Руководство по изготовлению бомб,Hướng dẫn chế tạo bom,ru
nguy hiểm,3D-печатное оружие,Súng in 3D,ru
nguy hiểm,Пистолеты BB,Súng BB,ru
nguy hiểm,страйкбольное оружие,Súng hơi hạng nhẹ,ru
nguy hiểm,Боеприпасы,Đạn dược,ru
nguy hiểm,Химическое оружие,Vũ khí hóa học,ru
nguy hiểm,Метательные звезды,Ném ngôi sao,ru
nguy hiểm,Тазеры,Súng điện,ru
nguy hiểm,Кастет,Đốt ngón tay bằng đồng,ru
nguy hiểm,Газовый баллончик ,Bình xịt hơi cay,ru
nguy hiểm,Военные ножи,Dao quân sự,ru
nguy hiểm,Боевые ножи,Dao chiến đấu,ru
nguy hiểm,жевательный табак,Nhai thuốc lá,ru
nguy hiểm,Курительные трубки,Tẩu thuốc lá,ru
nguy hiểm,Кристалл Мет,Ma túy đá,ru
nguy hiểm,Заменители кокаина,Chất thay thế cocaine,ru
nguy hiểm,Мефедрон,,ru
nguy hiểm,банды,Băng đảng,ru
nguy hiểm,беспорядки,Bạo loạn,ru
nguy hiểm,Букмекерские конторы с казино,"Sòng bạc, nhà cái trực tuyến",ru
nguy hiểm,джихад,Thánh chiến,ru
nguy hiểm,Ставки на спорт онлайн,Cá cược thể thao trực tuyến,ru
nguy hiểm,Героин,,ru
nguy hiểm,наркотики,Ma túy,ru
nguy hiểm,Дробление животных,Nghiền nát động vật,ru
nguy hiểm,Защита самоубийства,Ủng hộ tự sát,ru
nguy hiểm,Призыв к нападению другого человека,Kêu gọi tấn công người khác,ru
nguy hiểm,собачьи бои,Chọi chó,ru
nguy hiểm,Продажа рога носорога,Bán sừng tê giác,ru
nguy hiểm,Террористические угрозы,Đe dọa khủng bố,ru
nguy hiểm,Торговля человеческими органами,Buôn bán nội tạng người,ru
nguy hiểm,Повреждения женских половых органов,Cắt bộ phận sinh dục nữ,ru
nguy hiểm,Религиозный бунт,Bạo loạn tôn giáo,ru
nguy hiểm,Расовые беспорядки,Bạo loạn chủng tộc,ru
nguy hiểm,Заказное убийство,Hợp đồng giết người,ru
nguy hiểm,обезглавлен,Chặt đầu,ru
nguy hiểm,Подстрекательство к насилию,Kích động bạo lực,ru
nguy hiểm,Эксплуатация детей,Bóc lột trẻ em,ru
nguy hiểm,Инструкции по краже,Hướng dẫn trộm cắp,ru
nguy hiểm,Руководство по мошенничеству,Hướng dẫn gian lận,ru
nguy hiểm,Способы самоубийства,Các phương pháp tự tử,ru
nguy hiểm,Оружейная палата,Kho vũ khí,ru
nguy hiểm,избиение,Đánh đập phụ nữ,ru
nguy hiểm,Этническая чистка,Thanh lọc sắc tộc,ru
nguy hiểm,Черные люди,Người da đen,ru
nguy hiểm,Белые сторонники превосходства,Những người theo chủ nghĩa tối cao da trắng,ru
nguy hiểm,Ритуальное убийство,Nghi lễ giết người,ru
nguy hiểm,Экстремизм,Chủ nghĩa cực đoan,ru
nguy hiểm,Торговля наркотиками,Buôn bán ma túy,ru
nguy hiểm,Брутфорс,Vũ phu cưỡng bức,ru
nguy hiểm,Атака мертвецов,Tấn công tự sát,ru
nguy hiểm,Контрабанда,Buôn lậu,ru
nguy hiểm,Торговля детьми,Buôn bán trẻ em,ru
nguy hiểm,Христианское превосходство,Quyền tối cao của cơ đốc giáo,ru
nguy hiểm,Меткатинон,,ru
nguy hiểm,Метамфетамин,Chất kích thích,ru
nguy hiểm,аль Каида,Tên 1 tố chức khủng bố quốc tế cực đoan,ru
nguy hiểm,наркокартель,Tập đoàn ma túy,ru
nguy hiểm,мемлекеті Ресейді бірнеше жеке елге бөліп,Nhà nước nga chia thành nhiều nước,ru
nguy hiểm,славян халқын стерилдеп,Tiêu diệt người slav,ru
tình dục,Cексуальная Oриентация,Xu hướng tình dục,ru
tình dục,Ягодицы,Mông,ru
tình dục,Промежности,Vòng eo,ru
tình dục,эротическое искусство,Nghệ thuật khiêu dâm,ru
tình dục,Сексуальное Тело,Cơ thể gợi dục,ru
tình dục,Сексуальные Жидкости,Chất lỏng tình dục,ru
tình dục,Вуайеризм,Chủ nghĩa say mê,ru
tình dục,Садомазохизм,Bạo dâm,ru
tình dục,Доминирование И Подчинение,Thống trị và phục tùng,ru
tình dục,Бондаж,Trói buộc,ru
tình dục,Ролевая Игра,Nhập vai,ru
tình dục,Фестивали Порнографических Фильмов,Liên hoan phim khiêu dâm,ru
tình dục,Услуги Веб-Камеры Для Взрослых,Dịch vụ webcam cho người lớn,ru
tình dục,Стриптиз-Клубы,Câu lạc bộ thoát y,ru
tình dục,Секс-Игрушки,Đồ chơi tình dục,ru
tình dục,Личные Смазочные Материалы,Chất bôi trơn cá nhân,ru
tình dục,Инструменты Для Улучшения Гениталий,Công cụ nâng cao bộ phận sinh dục,ru
tình dục,Роман,Ngoại tình,ru
tình dục,Свингер,Tán gái,ru
tình dục,Подключить Или Бросить Знакомства,Hẹn hò tán tỉnh,ru
tình dục,Советы По Сексу,Mẹo tình dục,ru
tình dục,эректильная дисфункция,Rối loạn cương dương,ru
tình dục,сексуальное желание,Ham muốn tình dục,ru
tình dục,Занятия Любовью,Làm tình,ru
tình dục,Мастурбация,Thủ dâm,ru
tình dục,Презерватив,Bao cao su,ru
tình dục,Половой Акт,Giao hợp,ru
tình dục,Коитус,,ru
tình dục,Пенис,Dương vật,ru
tình dục,Похотливый,Dâm đãng,ru
tình dục,Хромбук,,ru
tình dục,Глухой Удар,,ru
tình dục,Изнасилование,Hiếp dâm,ru
tình dục,Эротический,Khiêu dâm,ru
tình dục,Непристойный,Dâm dục,ru
tình dục,Гениталии,Cơ quan sinh dục,ru
tình dục,Групповое Изнасилование,Hiếp dâm tập thể,ru
tình dục,Позы Для Секса,Tư thế quan hệ tình dục,ru
tình dục,Прелюдия,Màn dạo đầu,ru
tình dục,Нудист,Hỏa thân,ru
tình dục,Проституция,Mại dâm,ru
tình dục,Сексуальное Возбуждение,Kích dục,ru
tình dục,Афродизиаки,Thuốc kích dục,ru
tình dục,Эякуляция,Xuất tinh,ru
tình dục,Бисексуалы Секс Группа,Nhóm tình dục lưỡng tính,ru
tình dục,Куннилингус,Kích thích âm hộ hoặc âm vật bằng miệng,ru
tình dục,Педофилия,Ấu dâm,ru
tình dục,Инцест,Loạn luân,ru
tình dục,Секс Партнеры,Bạn tình,ru
tình dục,Горячий Секс,Tình dục nóng bỏng,ru
tình dục,Знакомства С Несовершеннолетними,Hẹn hò dưới tuổi vị thành niên,ru
tình dục,Оргазм,Cực khoái,ru