nguy hiểm,Samomorilski Napad,Tấn công tự sát,sl
nguy hiểm,Človeški In Živalski Odpadki,Chất thải của con người và động vật,sl
nguy hiểm,Kraj Zločina,Hiện trường vụ án,sl
nguy hiểm,Samomorilski Bombnik,Đánh bom liều chết,sl
nguy hiểm,Vodikova Bomba,Bom khí,sl
nguy hiểm,Kemične Bombe,Bom hóa học,sl
nguy hiểm,Granate,Lựu đạn,sl
nguy hiểm,Petarde,Pháo nổ,sl
nguy hiểm,Vodniki Za Izdelavo Bomb,Hướng dẫn chế tạo bom,sl
nguy hiểm,3D-Natisnjene Puške,Súng in 3D,sl
nguy hiểm,Pištola Bb,Súng BB,sl
nguy hiểm,Airsoft Puške,Súng hơi hạng nhẹ,sl
nguy hiểm,Strelivom,Đạn dược,sl
nguy hiểm,Kemično Orožje,Vũ khí hóa học,sl
nguy hiểm,Vojaški Izstrelki,Tên lửa quân sự,sl
nguy hiểm,Avtomatska Pištola,Súng lục tự động,sl
nguy hiểm,Bela Moč,Quyền lực trắng,sl
nguy hiểm,Tihotapljenje (Tihotapci),Buôn lậu,sl
nguy hiểm,Vojaški Noži,Dao quân sự,sl
nguy hiểm,Bojni Nož,Dao chiến đấu,sl
nguy hiểm,Tobak Za Žvečenje,Nhai thuốc lá,sl
nguy hiểm,Pipe Za Tobak,Tẩu thuốc lá,sl
nguy hiểm,Metamfetamin,Ma túy đá,sl
nguy hiểm,Nadomestki Za Kokain,Chất thay thế cocaine,sl
nguy hiểm,Mefedron,,sl
nguy hiểm,Uporaba Narkotikov,Sử dụng ma túy,sl
nguy hiểm,Trgovina Z Otroki,Buôn bán trẻ em,sl
nguy hiểm,"Spletne Igralnice, Spletne Stavnice ","Sòng bạc trực tuyến, nhà cái trực tuyến",sl
nguy hiểm,Kupili Srečke,Mua vé số,sl
nguy hiểm,Športne Stave,Cá cược thể thao trực tuyến,sl
nguy hiểm,Heroina,,sl
nguy hiểm,Marihuana,Cần sa,sl
nguy hiểm,Trpinčenje Živali,Tàn ác động vật,sl
nguy hiểm,Metoda Samomora,Phương thức tự sát,sl
nguy hiểm,Napadu,Tấn công ,sl
nguy hiểm,Pasji Boji,Chọi chó,sl
nguy hiểm,Nosorogovega Roga,Sừng tê giác,sl
nguy hiểm,Teroristične Grožnje,Đe dọa khủng bố,sl
nguy hiểm,Trgovina S Človeškimi Organi,Buôn bán nội tạng người,sl
nguy hiểm,Pohabljanje Ženskih Spolnih Organov,Cắt bộ phận sinh dục nữ,sl
nguy hiểm,Verski Nemiri,Bạo loạn tôn giáo,sl
nguy hiểm,Rasni Nemiri,Bạo loạn chủng tộc,sl
nguy hiểm,Naročen Umor,Hợp đồng giết người,sl
nguy hiểm,Obglavljen,Chặt đầu,sl
nguy hiểm,Spodbujanje Nasilja,Kích động bạo lực,sl
nguy hiểm,Izkoriščanje Otrok,Bóc lột trẻ em,sl
nguy hiểm,Način Kraje,Phương thức trộm cắp,sl
nguy hiểm,Vodnik Za Goljufije,Hướng dẫn gian lận,sl
nguy hiểm,Metode Samomora,Các phương pháp tự tử,sl
nguy hiểm,Orožarna,Kho vũ khí,sl
nguy hiểm,Pretepanje,Đánh đập ,sl
nguy hiểm,Etnično Čiščenje,Thanh lọc sắc tộc,sl
nguy hiểm,Črnci,Người da đen,sl
nguy hiểm,Beli Supremacisti,Những người theo chủ nghĩa tối cao da trắng,sl
nguy hiểm,Sektaški Uboji,Giết người theo giáo phái,sl
nguy hiểm,Ekstremizem,Chủ nghĩa cực đoan,sl
nguy hiểm,Trgovina Z Mamili,Buôn bán ma túy,sl
nguy hiểm,Heretik,Dị giáo,sl
tình dục,Spolna Usmerjenost,Xu hướng tình dục,sl
tình dục,Spolna Zloraba,Lạm dục tình dục,sl
tình dục,Seksi Telo,Cơ thể gợi dục,sl
tình dục,Spolne Tekočine,Chất lỏng tình dục,sl
tình dục,Voajerstvo,Chủ nghĩa say mê,sl
tình dục,Sadizem,Bạo dâm,sl
tình dục,Podrejenost,Thống trị và phục tùng,sl
tình dục,Spolna Doživetja,Kinh nghiệm tình dục,sl
tình dục,Igranje Vlog,Nhập vai,sl
tình dục,Pornografskih Filmov,Phim khiêu dâm,sl
tình dục,Spolno Nasilje,Bạo lực tình dục,sl
tình dục,Striptiz Klubi,Câu lạc bộ thoát y,sl
tình dục,Seks Igrače,Đồ chơi tình dục,sl
tình dục,Prostitucija Z Mladoletnimi,Mại dâm với tuổi vị thành niên,sl
tình dục,Spolno Nadlegovanje,Quấy rối tình dục,sl
tình dục,Prešuštvo,Ngoại tình,sl
tình dục,Spogledovati Se,Tán gái,sl
tình dục,Spogledovanje,Hẹn hò tán tỉnh,sl
tình dục,Seks Nasveti,Mẹo tình dục,sl
tình dục,Erektilno Disfunkcijo,Rối loạn cương dương,sl
tình dục,Spolna Želja,Ham muốn tình dục,sl
tình dục,Ljubiti,Làm tình,sl
tình dục,Samozadovoljevanje,Thủ dâm,sl
tình dục,Kondom,Bao cao su,sl
tình dục,Spolni Odnos,Giao hợp,sl
tình dục,Koitus,,sl
tình dục,Penis,Dương vật,sl
tình dục,Nožnica,Âm đạo,sl
tình dục,Razuzdan,Dâm đãng,sl
tình dục,Spolna Abstinenca,Tiết chế tình dục,sl
tình dục,Posilstvo,Hiếp dâm,sl
tình dục,Erotično,Khiêu dâm,sl
tình dục,Razvratno,Dâm dục,sl
tình dục,Genitalije,Cơ quan sinh dục,sl
tình dục,Skupinsko Posilstvo,Hiếp dâm tập thể,sl
tình dục,Seks Položaji,Tư thế quan hệ tình dục,sl
tình dục,Predigra,Màn dạo đầu,sl
tình dục,Mazohizem,Khổ dâm,sl
tình dục,Prostitúcija,Mại dâm,sl
tình dục,Spolno Vzburjenje,Kích dục,sl
tình dục,Afrodiziakum,Thuốc kích dục,sl
tình dục,Ejakulirati,Xuất tinh,sl
tình dục,Biseksualni,Lưỡng tính,sl
tình dục,Stimulacija Ščegetavčka,Kích thích âm vật,sl
tình dục,Pedofile,Ấu dâm,sl
tình dục,Incestuózen,Loạn luân,sl
tình dục,Ljubimec,Bạn tình,sl
tình dục,Vroč Seks,Tình dục nóng bỏng,sl