nguy hiểm,Extremismen,Chủ nghĩa cực đoan,sv
nguy hiểm,Mänskligt Avfall,Chất thải của con người ,sv
nguy hiểm,Brottsplats ,Hiện trường vụ án ,sv
nguy hiểm,Självmordsbombare,Đánh bom liều chết,sv
nguy hiểm,Spikbomber,Bom đinh,sv
nguy hiểm,Kemiska Bomber,Bom hóa học,sv
nguy hiểm,Granater,Lựu đạn,sv
nguy hiểm,Smällare,Pháo nổ,sv
nguy hiểm,Recept På Bomber,Công thức chế tạo bom,sv
nguy hiểm,3D-Tryckta Vapen,Súng in 3D,sv
nguy hiểm,Luftgevär,Súng trường,sv
nguy hiểm,Människohandel Med Barn,Buôn bán trẻ em,sv
nguy hiểm,Ammunition,Đạn dược,sv
nguy hiểm,Kemiskt Vapen,Vũ khí hóa học,sv
nguy hiểm,Kaststjärnor,Ném ngôi sao,sv
nguy hiểm,Elchockvapen,Vũ khí taser,sv
nguy hiểm,Knogjärn,Đốt ngón tay bằng đồng,sv
nguy hiểm,Pepparsprej,Bình xịt hơi cay,sv
nguy hiểm,Militära Knivar,Dao quân sự,sv
nguy hiểm,Stridskniv,Dao chiến đấu,sv
nguy hiểm,Tuggtobak,Thuốc lá nhai,sv
nguy hiểm,Tobakspipor,Tẩu thuốc lá,sv
nguy hiểm,Crystal Meth,Ma túy đá,sv
nguy hiểm,Kokain,Cocaine,sv
nguy hiểm,Mefedron,,sv
nguy hiểm,Användning Av Narkotika,Sử dụng ma túy,sv
nguy hiểm,Vit Makt,Quyền lực trắng,sv
nguy hiểm,"Onlinekasinon, Bookmakers","Sòng bạc trực tuyến, nhà cái",sv
nguy hiểm,Droghandeln,Buôn bán ma túy,sv
nguy hiểm,Sportspel Online,Cá cược thể thao trực tuyến,sv
nguy hiểm,Heroin,,sv
nguy hiểm,Marijuana,Cần sa,sv
nguy hiểm,Djurkrossning,Nghiền nát động vật,sv
nguy hiểm,Förespråkar Självmord,Ủng hộ tự sát,sv
nguy hiểm,Vit Stolthet,Lòng kiêu hãnh của chủng tộc da trắng,sv
nguy hiểm,Kamphundar,Chọi chó,sv
nguy hiểm,Smuggling Av Hundar,Buôn lậu chó,sv
nguy hiểm,Terroristhot,Đe dọa khủng bố,sv
nguy hiểm,Handel Med Mänskliga Organ,Buôn bán nội tạng người,sv
nguy hiểm,Kvinnlig Könsstympning,Cắt bộ phận sinh dục nữ,sv
nguy hiểm,Religiöst Upplopp,Bạo loạn tôn giáo,sv
nguy hiểm,Rasupplopp,Bạo loạn chủng tộc,sv
nguy hiểm,Kontraktsdöd,Hợp đồng giết người,sv
nguy hiểm,Halshuggen,Chặt đầu,sv
nguy hiểm,Uppviglar Till Våld,Kích động bạo lực,sv
nguy hiểm,Utnyttjande Av Barn,Bóc lột trẻ em,sv
nguy hiểm,Stöldmetoden,Hướng dẫn trộm cắp,sv
nguy hiểm,Bedrägeriguide,Hướng dẫn gian lận,sv
nguy hiểm,Självmordsmetoder,Các phương pháp tự tử,sv
nguy hiểm,Självmordsattack,Tấn công tự sát,sv
nguy hiểm,Nynazism,Chủ nghĩa phát xít mới,sv
nguy hiểm,Etnisk Rensning,Thanh lọc sắc tộc,sv
nguy hiểm,Svarta Människor,Người da đen,sv
nguy hiểm,Vita Supremacister,Những người theo chủ nghĩa tối cao da trắng,sv
nguy hiểm,Sekteristiska Mord,Giết người theo giáo phái,sv
tình dục,Sexuell Läggning,Xu hướng tình dục,sv
tình dục,Erotisk Konst,Nghệ thuật khiêu dâm,sv
tình dục,Sexuell Aktivitet,Hoạt động tình dục,sv
tình dục,Sexuella Trakasserier,Quấy rối tình dục,sv
tình dục,Barnporr,Khiêu dâm trẻ em,sv
tình dục,Sadistisk,Bạo dâm,sv
tình dục,Dominans Och Underkastelse,Thống trị và phục tùng,sv
tình dục,Sexuellt Våld,Bạo lực tình dục,sv
tình dục,Sexuellt Övergrepp,Tấn công tình dục,sv
tình dục,Pornografiska Filmfestivaler,Liên hoan phim khiêu dâm,sv
tình dục,Sexuella Tjänster,Dịch vụ tình dục,sv
tình dục,Stripklubbar,Câu lạc bộ thoát y,sv
tình dục,Sexleksaker,Đồ chơi tình dục,sv
tình dục,Smörjmedel,Chất bôi trơn,sv
tình dục,Könsorgan,bộ phận sinh dục,sv
tình dục,Äktenskapsbrott,Ngoại tình,sv
tình dục,Sexuell Utpressning,Tống tiền tình dục,sv
tình dục,Sextips,Mẹo tình dục,sv
tình dục,Erektil Dysfunktion,Thuốc rối loạn cương dương,sv
tình dục,Lusta,Ham muốn,sv
tình dục,Oralsex,Quan hệ tình dục bằng miệng,sv
tình dục,Onanera,Thủ dâm,sv
tình dục,Kondomen,Bao cao su,sv
tình dục,Sexuellt Ofredande,Lạm dục tình dục,sv
tình dục,Vällustig,Khêu gợi,sv
tình dục,Penisen,Dương vật,sv
tình dục,Afrodisiakum,Thuốc kính dục,sv
tình dục,Otuktig,Dâm đãng,sv
tình dục,Liderlig,Dâm ô,sv
tình dục,Våldta,Hiếp dâm,sv
tình dục,Erotisk,Khiêu dâm,sv
tình dục,Kärleksteknik,Kỹ thuật làm tình,sv
tình dục,Hett Sex,Tình dục nóng bỏng,sv
tình dục,Gruppvåldtäkt,Hiếp dâm tập thể,sv
tình dục,Sexställningar,Tư thế quan hệ tình dục,sv
tình dục,Förspel,Màn dạo đầu,sv
tình dục,Naken,Khỏa thân,sv
tình dục,Sexhandel,Mua bán dâm,sv
tình dục,Sexuell Upphetsning,Kích dục,sv
tình dục,Otukt,Gian dâm,sv
tình dục,Ejakulerad,Xuất tinh,sv
tình dục,Sexgrupp,Nhóm tình dục,sv
tình dục,Stimulering Av Klitoris,Kích thích âm hộ,sv
tình dục,Pedofiler,Ấu dâm,sv
tình dục,Sexuella Övergrepp Mot Barn,Xâm hại tình dục trẻ em,sv
tình dục,Sexpartners,Bạn tình,sv