nguy hiểm,ปฏิกูลของมนุษย์หรือสัตว์,Chất thải của con người hoặc động vật,th
nguy hiểm,ฉากอาชญากรรม,Hiện trường vụ án hoặc tai nạn,th
nguy hiểm,ระเบิด,Vụ nổ,th
nguy hiểm,การระเบิดฆ่าตัวตาย,Đánh bom liều chết,th
nguy hiểm,ระเบิดตะปู,Bom đinh,th
nguy hiểm,ระเบิดสารเคมี,Bom hóa học,th
nguy hiểm,ระเบิดมือ,Lựu đạn,th
nguy hiểm,ประทัด,Pháo nổ,th
nguy hiểm,คู่มือการทำระเบิด,Hướng dẫn chế tạo bom,th
nguy hiểm,ปืนพิมพ์ 3 มิติ,Súng in 3D,th
nguy hiểm,ปืนบีบี,Súng BB,th
nguy hiểm,ปืนแอร์ซอฟต์,Súng hơi ,th
nguy hiểm,กระสุน,Đạn dược,th
nguy hiểm,อาวุธเคมี,Vũ khí hóa học,th
nguy hiểm,วัตถุระเบิด,Thuốc nổ,th
nguy hiểm,ปืนช็อตไฟฟ้า,Súng điện,th
nguy hiểm,สนับมือทองเหลือง,Đốt ngón tay bằng đồng,th
nguy hiểm,สเปรย์พริกไทย,Bình xịt hơi cay,th
nguy hiểm,ลักลอบ,Buôn lậu,th
nguy hiểm,การค้าประเวณีเด็ก,Mại dâm trẻ em,th
nguy hiểm,บุหรี่,Thuốc lá,th
nguy hiểm,ซิการ์,Xì gà,th
nguy hiểm,แอมเฟตามีน,Amphetamine,th
nguy hiểm,โคเคน,Cocaine,th
nguy hiểm,ยาเมฟีโดรน,,th
nguy hiểm,ใช้สารเสพติด,Sử dụng ma túy,th
nguy hiểm,เจ้ามือรับแทงม้า,Nhà cái,th
nguy hiểm,คาสิโน ออนไลน์,Sòng bạc trực tuyến,th
nguy hiểm,นีโอนาซี,Chủ nghĩa phát xít mới,th
nguy hiểm,เดิมพันกีฬ,Cá cược thể thao ,th
nguy hiểm,เฮโรอีน,,th
nguy hiểm,กัญชา,Cần sa,th
nguy hiểm,บดขยี้สัตว์,Nghiền nát động vật,th
nguy hiểm,สุดโต่ง,Chủ nghĩa cực đoan,th
nguy hiểm,การค้ายาเสพติด,Buôn bán ma túy,th
nguy hiểm,คนผิวดำ,Người da đen,th
nguy hiểm,คลังอาวุธ,Kho vũ khí,th
nguy hiểm,เอารัดเอาเปรียบกินแรงเด็ก,Bóc lột trẻ em,th
nguy hiểm,ค้าอวัยวะมนุษย์,Buôn bán nội tạng người,th
nguy hiểm,ตัดอวัยวะเพศหญิงบ,Cắt bộ phận sinh dục nữ,th
nguy hiểm,จลาจล,Bạo loạn ,th
nguy hiểm,ยุยงให้เกิดความรุนแรง,Kích động bạo lực,th
tình dục,รสนิยมทางเพศ,Xu hướng tình dục,th
tình dục,พฤติกรรมที่ส่อไปในทางเพศที่เป็นก,Hành vi khêu gợi tình dục,th
tình dục,เซ็กซ์ทัวร์,Du lịch sex,th
tình dục,ศิลปะอีโรติก,Nghệ thuật khiêu dâm,th
tình dục,ออรัลเซ็กส์,Quan hệ tình dục bằng miệng,th
tình dục,ถึงจุดสุดยอด,Cực khoái,th
tình dục,เล่นอวัยวะเพศ,Chơi bộ phận sinh dục,th
tình dục,ซาดิสม์,Bạo dâm,th
tình dục,ประสบการณ์ทางเพศ,Trải nghiệm tình dục,th
tình dục,กิจกรรมทางเพศ,Hoạt động tình dục,th
tình dục,วัตถุทางเพศ,Đối tượng tình dục,th
tình dục,ภาพยนตร์อีโรติก,Phim khiêu dâm,th
tình dục,ท่องเที่ยวทางเพศ,Du lịch tình dục,th
tình dục,คลับเปลื้องผ้า,Câu lạc bộ thoát y,th
tình dục,ของเล่นทางเพศ,Đồ chơi tình dục,th
tình dục,สารหล่อลื่นในช่องคลอด,Chất bôi trơn âm đạo,th
tình dục,ติดเซ็กส์,Nghiện tình dục,th
tình dục,การล่วงประเวณี,Ngoại tình,th
tình dục,อเกิดอารมณ์ทางเพศ,Kích thích tình dục,th
tình dục,การค้ามนุษย์ทางเพศ,Buôn bán tình dục,th
tình dục,เซ็กส์บำบัด,Liệu pháp tình dục,th
tình dục,ย่อนสมรรถภาพทางเพศ,Rối loạn cương dương,th
tình dục,การเกี้ยวพาราสี,Tán tỉnh,th
tình dục,องคชาต,Dương vật,th
tình dục,สำเร็จความใคร่,Thủ dâm,th
tình dục,ถุงยาง,Bao cao su,th
tình dục,การมีเพศสัมพันธ์,Giao hợp,th
tình dục,ช่องคลอด,Âm đạo,th
tình dục,ความรุนแรงทางเพศ,Bạo lực tình dục,th
tình dục,ข่มขืน,Hiếp dâm,th
tình dục,ลามกผู้ใ,Khiêu dâm,th
tình dục,ลามก,Dâm dục,th
tình dục,อวัยวะเพศ,Cơ quan sinh dục,th
tình dục,แก๊งข่มขืน,Hiếp dâm tập thể,th
tình dục,ชีเปลือย,Hỏa thân,th
tình dục,โสเภณี,Mại dâm,th
tình dục,รมณ์ทางเพศ,Kích dục,th
tình dục,เซ็กส์หมู่,Tình dục nhóm,th
tình dục,เฒ่าหัวงู,Ấu dâm,th
tình dục,การร่วมประเวณีระหว่างพี่น้อง,Loạn luân,th
tình dục,อุตสาหกรรมทางเพศ,Ngành công nghiệp tình dục,th
tình dục,เซ็กซ์โฟน,Sex qua điện thoại,th
tình dục,รเลียอวัยวะเพศ ไม่จ,Liếm sinh dục,th
tình dục,สัญชาตญาณทางเพศ,Bản năng tình dục,th
tình dục,การมีเพศสัมพันธ์ทางทวารหนัก,Quan hệ qua đường hậu môn,th