nguy hiểm,İntihar Bombacısı,Đánh bom liều chết,tr
nguy hiểm,Çivi Bombaları,Bom đinh,tr
nguy hiểm,Kimyasal Bombalar,Bom hóa học,tr
nguy hiểm,El Bombaları,Lựu đạn,tr
nguy hiểm,Patlayıcı,Chất nổ,tr
nguy hiểm,Bomba Yapma Kılavuzları,Hướng dẫn chế tạo bom,tr
nguy hiểm,Tüfekler,Súng Trường,tr
nguy hiểm,Bb Silahları,Súng BB,tr
nguy hiểm,Airsoft Silahları,Súng hơi hạng nhẹ,tr
nguy hiểm,Mühimmat,Đạn dược,tr
nguy hiểm,Kimyasal Silah,Vũ khí hóa học,tr
nguy hiểm,Çocuk Ticareti,Buôn bán trẻ em,tr
nguy hiểm,Şok Tabancaları,Súng gây choáng,tr
nguy hiểm,Muştalar,Đốt ngón tay bằng đồng,tr
nguy hiểm,Biber Gazı,Bình xịt hơi cay,tr
nguy hiểm,Av Bıçakları,Dao săn,tr
nguy hiểm,Dövüş Bıçakları,Dao chiến đấu,tr
nguy hiểm,Çiğnemelik Tütün,Nhai thuốc lá,tr
nguy hiểm,Purolar,Xì gà,tr
nguy hiểm,Metamfetamin,Methamphetamine,tr
nguy hiểm,Kokain,Cocaine,tr
nguy hiểm,Mefedron,,tr
nguy hiểm,Intihar Saldırısı,Tấn công tự sát,tr
nguy hiểm,Kaçakçılık,Buôn lậu,tr
nguy hiểm,Çevrimiçi Kumar,Cờ bạc trực tuyến,tr
nguy hiểm,Çevrimiçi Bahis,Cá cược trực tuyến,tr
nguy hiểm,Spor Bahisleri,Cá cược thể thao ,tr
nguy hiểm,Eroin,,tr
nguy hiểm,Esrar,Cần sa,tr
nguy hiểm,Namus Cinayetleri,Giết người vì danh dự,tr
nguy hiểm,Aşırılık,Chủ nghĩa cực đoan,tr
nguy hiểm,Uyuşturucu Madde Ticareti,Buôn bán ma túy,tr
nguy hiểm,Köpek Dövüşü,Chọi chó,tr
nguy hiểm,Gergedan Boynuzu Kaçakçılığı,Buôn lậu sừng tê giác,tr
nguy hiểm,Terör Tehditleri,Đe dọa khủng bố,tr
nguy hiểm,İnsan Organları Ticareti,Buôn bán nội tạng người,tr
nguy hiểm,Kadın Sünneti,Cắt bộ phận sinh dục nữ,tr
nguy hiểm,Uyuşturucu Madde Kullanımı,Sử dụng ma túy,tr
nguy hiểm,Etnik Temizlik,Thanh lọc sắc tộc,tr
nguy hiểm,Siyah Insanlar,Người da đen,tr
nguy hiểm,Başı Kesilmiş,Chặt đầu,tr
nguy hiểm,Nefret Suçuna Teşvik,Kích động căm thù tội ác,tr
nguy hiểm,Çocuk Istismarı,Bóc lột trẻ em,tr
nguy hiểm,Hırsızlığının Yöntemlerinin,Phương pháp trộm cắp,tr
nguy hiểm,Nasıl Hile Yapılarak,Cách gian lận,tr
nguy hiểm,İntihar Yöntemleri,Các phương pháp tự tử,tr
nguy hiểm,Cephanelik,Kho vũ khí,tr
tình dục,Cinsel Yönelim,Xu hướng tình dục,tr
tình dục,Cinsel Davranış,Hành vi tình dục,tr
tình dục,Seks Turizmi,Du lịch tình dục,tr
tình dục,Erotik Sanat,Nghệ thuật khiêu dâm,tr
tình dục,Cinsel Yaşam,Đời sống tình dục,tr
tình dục,Cinsel Sıvılar,Dịch sinh dục,tr
tình dục,Cinsel Aktivite,Hoạt động tình dục,tr
tình dục,Sadistçe,Bạo dâm,tr
tình dục,Cinsel Ihtiyacını,Nhu cầu tình dục,tr
tình dục,Mazoşizm,Khổ dâm,tr
tình dục,Cinsel Deneyim,Kinh nghiệm tình dục,tr
tình dục,Seks Ticareti,Buôn bán tình dục,tr
tình dục,Telefonda Seks,Sex trên điện thoại,tr
tình dục,Striptiz Kulüpleri,Câu lạc bộ thoát y,tr
tình dục,Seks Oyuncakları,Đồ chơi tình dục,tr
tình dục,Vajinal Yağlayıcılar,Chất bôi trơn âm đạo,tr
tình dục,Cinsel Duygular,Cảm xúc tình dục,tr
tình dục,Zinanın,Ngoại tình,tr
tình dục,Flört Şiddeti,Bạo lực hẹn hò,tr
tình dục,Flört Tecavüzü,Hẹn hò hiếp dâm,tr
tình dục,Seks Endüstrisi,Ngành công nghiệp tình dục,tr
tình dục,Erektil Disfonksiyon Hapları,Thuốc rối loạn cương dương,tr
tình dục,Cinsel Dürtüler,Ham muốn tình dục,tr
tình dục,Sevişme,Làm tình,tr
tình dục,Mastürbasyon,Thủ dâm,tr
tình dục,Prezervatif,Bao cao su,tr
tình dục,Cinsel Ilişki,Quan hệ tình dục,tr
tình dục,Çiftleşme,,tr
tình dục,Sıcak Seks,Tình dục nóng bỏng,tr
tình dục,Cinsellik Içgüdüsü,Bản năng tình dục,tr
tình dục,Cinsel Istismara,Lạm dụng tình dục,tr
tình dục,Seks Bağımlılığı,Nghiện sex,tr
tình dục,Tecavüz,Hiếp dâm,tr
tình dục,Seks Partisi,Tiệc sex,tr
tình dục,Iffetsiz,Dâm dục,tr
tình dục,Cinsel Organ,Cơ quan sinh dục,tr
tình dục,Toplu Tecavüz,Hiếp dâm tập thể,tr
tình dục,Seks Pozisyonları,Tư thế quan hệ tình dục,tr
tình dục,Ön Sevişme,Màn dạo đầu,tr
tình dục,Çıplaklar,Hỏa thân,tr
tình dục,Fuhuş,Mại dâm,tr
tình dục,Cinsel Uyarılma,Kích dục,tr
tình dục,Afrodizyaklar,Thuốc kích dục,tr
tình dục,Seks Terapisi,Liệu pháp tình dục,tr
tình dục,Cinsel Zevki,Khoái cảm tình dục,tr
tình dục,Vajinal Stimülasyon,Kích thích âm đạo,tr
tình dục,Sübyancı,Ấu dâm,tr
tình dục,Ensest,Loạn luân,tr
tình dục,Seks Partnerleri,Bạn tình,tr
tình dục,Çocuk Pornografisi,Khiêu dâm trẻ em,tr