nguy hiểm,Неонацизм,Chủ nghĩa phát xít mới,uk
nguy hiểm,Людські відходи,Chất thải của con người ,uk
nguy hiểm,Місце злочину,Hiện trường vụ án ,uk
nguy hiểm,Вибухи,Vụ nổ,uk
nguy hiểm,Терорист-смертник,Đánh bom liều chết,uk
nguy hiểm,Напад смертника,Tấn công tự sát,uk
nguy hiểm,Хімічні бомби,Bom hóa học,uk
nguy hiểm,гранати,Lựu đạn,uk
nguy hiểm,Петарди,Pháo nổ,uk
nguy hiểm,Посібники з виготовлення бомб,Hướng dẫn chế tạo bom,uk
nguy hiểm,3d-друкована Вогнепальна Зброя ,Súng in 3D,uk
nguy hiểm,Пістолет BB,Súng BB,uk
nguy hiểm,Страйкбольна зброя,Súng hơi hạng nhẹ,uk
nguy hiểm,Боєприпаси,Đạn dược,uk
nguy hiểm,Хімічна зброя,Vũ khí hóa học,uk
nguy hiểm,Торгівля дітьми,Buôn bán trẻ em,uk
nguy hiểm,електрошокери,Súng điện,uk
nguy hiểm,Кастет,Đốt ngón tay bằng đồng,uk
nguy hiểm,Перцевий спрей,Bình xịt hơi cay,uk
nguy hiểm,Військові ножі,Dao quân sự,uk
nguy hiểm,Бойові ножі,Dao chiến đấu,uk
nguy hiểm,Жувальний тютюн,Nhai thuốc lá,uk
nguy hiểm,Тютюнові трубки,Tẩu thuốc lá,uk
nguy hiểm,кристалічний мет,Ma túy đá,uk
nguy hiểm,Кокаїн,Cocaine,uk
nguy hiểm,Мефедрон,,uk
nguy hiểm,Вживання наркотиків,Sử dụng ma túy,uk
nguy hiểm,Наркоторгівля,Buôn bán ma túy,uk
nguy hiểm,"Казино Онлайн, Букмекерські контори","Sòng bạc trực tuyến, nhà cái",uk
nguy hiểm,Екстремізм,Chủ nghĩa cực đoan,uk
nguy hiểm,Онлайн ставки на спорт,Cá cược thể thao trực tuyến,uk
nguy hiểm,Героїн,,uk
nguy hiểm,Марихуана,Cần sa,uk
nguy hiểm,Вимушений забій тварини,Cưỡng bức giết mổ động vật,uk
nguy hiểm,спосіб самогубства,Phương pháp tự tử,uk
nguy hiểm,Контрабанда,Buôn lậu,uk
nguy hiểm,Собачі бої,Chọi chó,uk
nguy hiểm,торгівля тваринами,Buôn bán động vật,uk
nguy hiểm,Терористичні загрози,Đe dọa khủng bố,uk
nguy hiểm,Торгівля людськими органами,Buôn bán nội tạng người,uk
nguy hiểm,Понівечення жіночих статевих органів,Cắt bộ phận sinh dục nữ,uk
nguy hiểm,Релігійний бунт,Bạo loạn tôn giáo,uk
nguy hiểm,расові заворушення,Bạo loạn chủng tộc,uk
nguy hiểm,Вбивство на замовлення,Hợp đồng giết người,uk
nguy hiểm,Обезголовлений,Chặt đầu,uk
nguy hiểm,Підбурювання до насильства,Kích động bạo lực,uk
nguy hiểm,Експлуатація дітей,Bóc lột trẻ em,uk
nguy hiểm,способи крадіжок,Phương pháp trộm cắp,uk
nguy hiểm,метод обману,Phương pháp gian lận,uk
nguy hiểm,Методи самогубства,Các phương pháp tự tử,uk
nguy hiểm,Збройова палата,Kho vũ khí,uk
nguy hiểm,банди,Đăng đảng,uk
nguy hiểm,Етнічні чистки,Thanh lọc sắc tộc,uk
nguy hiểm,Прихильники переваги білої раси,Những người theo chủ nghĩa tối cao da trắng,uk
tình dục,Сексуальна орієнтація,Xu hướng tình dục,uk
tình dục,Еротичне мистецтво,Nghệ thuật khiêu dâm,uk
tình dục,сексуальна політика,Chính trị tình dục,uk
tình dục,статева активність,Hoạt động tình dục,uk
tình dục,Вуайєризм,Chủ nghĩa say mê,uk
tình dục,садизм,Bạo dâm,uk
tình dục,сексуальні домагання,Quấy rối tình dục,uk
tình dục,сексуальне насильство,Bạo lực tình dục,uk
tình dục,сексуальний напад,Tấn công tình dục,uk
tình dục,Фестивалі порнографічного кіно,Liên hoan phim khiêu dâm,uk
tình dục,веб-камер для дорослих,Webcam cho người lớn,uk
tình dục,стриптиз,Thoát y,uk
tình dục,Секс-іграшки,Đồ chơi tình dục,uk
tình dục,Сексуальний примус,Cưỡng ép tình dục,uk
tình dục,статевих органів,Bộ phận sinh dục,uk
tình dục,подружня зрада,Ngoại tình,uk
tình dục,флірт,Tán tỉnh,uk
tình dục,мазохізм,khổ dâm,uk
tình dục,сексуальної експлуатації,Bóc lột tình dục,uk
tình dục,еректильної дисфункції,Rối loạn cương dương,uk
tình dục,підвищення лібідо,Tăng cường ham muốn tình dục,uk
tình dục,оральний секс,Quan hệ tình dục bằng miệng,uk
tình dục,Мастурбація,Thủ dâm,uk
tình dục,Презерватив,Bao cao su,uk
tình dục,Статевий акт,Giao hợp,uk
tình dục,блуд,Gian dâm,uk
tình dục,статевий член,Dương vật,uk
tình dục,Вагіна,Âm đạo,uk
tình dục,хтивий,Dâm đãng,uk
tình dục,Еротичний масаж,Massage kích dục,uk
tình dục,зґвалтування,Hiếp dâm,uk
tình dục,еротичний,Khiêu dâm,uk
tình dục,непристойний,Dâm dục,uk
tình dục,садо-мазохізм,Cuồng dâm,uk
tình dục,Групове зґвалтування,Hiếp dâm tập thể,uk
tình dục,сексуальної позиції,Tư thế quan hệ tình dục,uk
tình dục,Жіночий оргазм,Cực khoái nữ,uk
tình dục,Нудистка,Hỏa thân,uk
tình dục,проституція,Mại dâm,uk
tình dục,Сексуальне збудження,Kích dục,uk
tình dục,афродизіаки,Thuốc kích dục,uk
tình dục,Еякулював,Xuất tinh,uk
tình dục,Сексуальна потреба,Nhu cầu tình dục,uk
tình dục,стимуляції піхви,Kích thích âm hộ,uk
tình dục,Педофіл,Ấu dâm,uk
tình dục,Інцест,Loạn luân,uk
tình dục,Сексуальні партнери,Bạn tình,uk
tình dục,жаркий секс,Tình dục nóng bỏng,uk