nguy hiểm,Đánh bạc trực tuyến,,vi
nguy hiểm,Tàn sát động vật,,vi
nguy hiểm,Hướng dẫn giết người,,vi
nguy hiểm,Chế tạo ma túy,,vi
nguy hiểm,Thủ đoạn trộm cắp,,vi
nguy hiểm,Ngược đãi động vật,,vi
nguy hiểm,Sử dụng vũ khí,,vi
nguy hiểm,Khủng bố,,vi
nguy hiểm,Thuốc lá sợi,,vi
nguy hiểm,Phương thức tự sát,,vi
nguy hiểm,Casino Trực tuyến,,vi
nguy hiểm,Game bài đổi thưởng,,vi
nguy hiểm,Cá cược thể thao,,vi
nguy hiểm,Nhà cái cá cược,,vi
nguy hiểm,Xì gà,,vi
nguy hiểm,Bạch phiến,,vi
nguy hiểm,Chặt đầu,,vi
nguy hiểm,Sự diệt chủng,,vi
nguy hiểm,Thuốc súng,,vi
nguy hiểm,Buôn người,,vi
nguy hiểm,Ám sát,,vi
nguy hiểm,Đánh đập phụ nữ,,vi
nguy hiểm,Săn bắn thú rừng trái phép,,vi
nguy hiểm,Sát nhân,,vi
nguy hiểm,Buôn lậu nội tạng,,vi
nguy hiểm,Cướp có sử dụng bạo lực,,vi
nguy hiểm,Các phương pháp tự tử,,vi
nguy hiểm,Ủng hộ tự tử,,vi
nguy hiểm,Buôn bán phụ nữ,,vi
nguy hiểm,Chủ Nghĩa cực đoan,,vi
nguy hiểm,Phá thai,,vi
nguy hiểm,Kích động bạo lực,,vi
nguy hiểm,Bạo lực gia đình,,vi
nguy hiểm,Sự tàn sát,,vi
nguy hiểm,Cách chế tạo bom,,vi
nguy hiểm,Thủ thuật gian lận,,vi
nguy hiểm,Phân biệt chủng tộc,,vi
nguy hiểm,Kho vũ khí,,vi
nguy hiểm,Giết kẻ thù,,vi
nguy hiểm,Đe dọa khủng bố,,vi
nguy hiểm,Lý thuyết ám sát,,vi
nguy hiểm,Giết người có mục tiêu,,vi
nguy hiểm,Hợp đồng giết người,,vi
nguy hiểm,Cỗ máy chiến tranh,,vi
nguy hiểm,Biểu tình,,vi
nguy hiểm,Lựu đạn,,vi
nguy hiểm,Bạo loạn tôn giáo,,vi
nguy hiểm,Bạo loạn chủng tộc,,vi
nguy hiểm,Tài xỉu online,,vi
nguy hiểm,Thánh chiến,,vi
nguy hiểm,Khủng bố tự sát,,vi
nguy hiểm,Man rợ,,vi
nguy hiểm,Vụ nổ súng,,vi
nguy hiểm,Thảm sát,,vi
tình dục,Xu hướng tình dục,,vi
tình dục,Du lịch tình dục,,vi
tình dục,Đời sống tình dục,,vi
tình dục,Nghệ thuật khiêu dâm,,vi
tình dục,Thân hình gợi cảm,,vi
tình dục,Kinh nghiệm tình dục,,vi
tình dục,Quan hệ tình dục bằng miệng,,vi
tình dục,Bạo dâm,,vi
tình dục,Tình dục nóng bỏng,,vi
tình dục,Cửa hàng tình dục,,vi
tình dục,Nghiện tình dục,,vi
tình dục,Phim khiêu dâm,,vi
tình dục,Tưởng tượng tình dục,,vi
tình dục,Câu lạc bộ thoát y,,vi
tình dục,Đồ chơi tình dục,,vi
tình dục,Quan hệ tình dục với người già,,vi
tình dục,Ngành công nghiệp tình dục,,vi
tình dục,Ngoại tình,,vi
tình dục,Bạo lực tình dục,,vi
tình dục,Hẹn hò hiếp dâm,,vi
tình dục,Quấy rối tình dục,,vi
tình dục,Rối loạn cương dương,,vi
tình dục,Ham muốn tình dục,,vi
tình dục,Làm tình,,vi
tình dục,Thủ dâm,,vi
tình dục,Bao cao su,,vi
tình dục,Quan hệ tình dục,,vi
tình dục,Cực khoái,,vi
tình dục,Dương vật,,vi
tình dục,Âm đạo,,vi
tình dục,Sex qua điện thoại,,vi
tình dục,Mông đẹp,,vi
tình dục,Hiếp dâm,,vi
tình dục,Khiêu dâm,,vi
tình dục,Dâm dục,,vi
tình dục,Cơ quan sinh dục,,vi
tình dục,Hiếp dâm tập thể,,vi
tình dục,Vị trí giao hợp,,vi
tình dục,Màn dạo đầu,,vi
tình dục,Hỏa thân,,vi
tình dục,Mại dâm,,vi
tình dục,Kích dục,,vi
tình dục,Thuốc kích dục,,vi
tình dục,Xuất tinh,,vi
tình dục,Quan hệ tình dục nhóm,,vi
tình dục,Kích thích âm đạo,,vi
tình dục,Ấu dâm,,vi
tình dục,Loạn luân,,vi
tình dục,Bạn tình,,vi
tình dục,Quan hệ tình dục qua đường hậu môn,,vi
tình dục,Hoạt động tình dục,,vi
tình dục,Tình một đêm,,vi
tình dục,Tư thế quan hệ tình dục,,vi
tình dục,Nhóm quan hệ tình dục,,vi